id;codbarras;refe;depa;nombre;existe;;esp;costo;costototal;iva;bodega;imagen;preciomayo;sub1;sub2;sub3;sub4;sub5;Cuenta
id;;cod_cups;;nombre;cant_total;precio_venta;;;;;;;;;;;;;1435
1;1;HSAM001;1;ABACAVIR 300MG TABLETA;3000;4596;;2298;6894000;0;1;;4596;;;;;;1435
2;2;HSAM002;1;ACEITE DE RICINO 100% SUSPENSION;3000;5351;;2675.5;8026500;0;1;;5351;;;;;;1435
3;3;HSAM003;1;ACETAMINOFEN 150MG/5ML X 60 ML JARABE;2956;1900;;950;2808200;0;1;;1900;;;;;;1435
4;4;HSAM004;1;ACETAMINOFEN 500MG TABLETA;2649;82;;41;108609;0;1;;82;;;;;;1435
5;5;HSAM005;1;ACETATO DE ALUMINIO 2.2GR POLVO PARA RECONTITUIR;3000;480;;240;720000;0;1;;480;;;;;;1435
6;6;HSAM006;1;ACETATO DE CIPROTERONA 50MG TABLETA;3000;2544;;1272;3816000;0;1;;2544;;;;;;1435
7;7;HSAM007;1;ACETAZOLAMIDA 250MG COMPRIMIDO;3000;3775;;1887.5;5662500;0;1;;3775;;;;;;1435
8;8;HSAM008;1;ACETAZOLAMIDA 250MG TABLETA;3000;601;;300.5;901500;0;1;;601;;;;;;1435
9;9;HSAM009;1;ACETILCISTEINA 0,1 SOLUCION NEBULIZAR;2999;31360;;15680;47024320;0;1;;31360;;;;;;1435
10;10;HSAM010;1;ACETILCISTEINA 300MG/3ML AMPOLLA;3000;6420;;3210;9630000;0;1;;6420;;;;;;1435
11;11;HSAM011;1;ACICLOVIR 0,03 UNGUENTO OFTALMICO;3000;52197;;26098.5;78295500;0;1;;52197;;;;;;1435
12;12;HSAM012;1;ACICLOVIR 200MG TABLETA;2970;118;;59;175230;0;1;;118;;;;;;1435
13;13;HSAM013;1;ACICLOVIR 250MG AMPOLLA;3000;16890;;8445;25335000;0;1;;16890;;;;;;1435
14;14;HSAM014;1;ACICLOVIR 250MG VIAL;3000;19270;;9635;28905000;0;1;;19270;;;;;;1435
15;15;HSAM015;1;ACIDO ACETIL SALICILICO 100MG TABLETA;2580;82;;41;105780;0;1;;82;;;;;;1435
16;16;HSAM016;1;ACIDO ACETIL SALICILICO 500MG TABLETA;3000;138;;69;207000;0;1;;138;;;;;;1435
17;17;HSAM017;1;ACIDO FOLICO 1MG AMPOLLA;3000;8864;;4432;13296000;0;1;;8864;;;;;;1435
18;18;HSAM018;1;ACIDO FOLICO 1MG TABLETA;1950;230;;115;224250;0;1;;230;;;;;;1435
19;19;HSAM019;1;ACIDO IBANDRONICO 6MG/6ML AMPOLLA;3000;1613180;;806590;2419770000;0;1;;1613180;;;;;;1435
20;20;HSAM020;1;ACIDO IBANDRONICO 6MG/6ML AMPO;3000;2125330;;1062665;3187995000;0;1;;2125330;;;;;;1435
21;21;HSAM021;1;ACIDO RETINOICO 0,04% CREMA;3000;12475;;6237.5;18712500;0;1;;12475;;;;;;1435
22;22;HSAM022;1;ACIDO RETINOICO 0,05% LOCION;3000;17071;;8535.5;25606500;0;1;;17071;;;;;;1435
23;23;HSAM023;1;ACIDO TRANEXAMICO 500MG TABLETA;3000;3775;;1887.5;5662500;0;1;;3775;;;;;;1435
24;24;HSAM024;1;ACIDO TRANEXAMICO 500MG/5ML AMPOLLA;3000;19540;;9770;29310000;0;1;;19540;;;;;;1435
25;25;HSAM025;1;ACIDO VALPROICO 250MG CAPSULA;2910;305;;152.5;443775;0;1;;305;;;;;;1435
26;26;HSAM026;1;ACIDO VALPROICO 250MG/ML JARABE;3000;7485;;3742.5;11227500;0;1;;7485;;;;;;1435
27;27;HSAM027;1;ACIDO ZOLEDRONICO 4MG/5ML AMPOLLA;3000;731850;;365925;1097775000;0;1;;731850;;;;;;1435
28;28;HSAM028;1;ACIDO ZOLEDRONICO 5MG/100ML AMPOLLA;3000;1339240;;669620;2008860000;0;1;;1339240;;;;;;1435
29;29;HSAM029;1;ADRENALINA 1MG/1ML AMPOLLA;3000;620;;310;930000;0;1;;620;;;;;;1435
30;30;HSAM030;1;AGUA DESTILADA SOLUCION INYECTABLE;3000;500;;250;750000;0;1;;500;;;;;;1435
31;31;HSAM031;1;ALBENDAZOL 100MG/5ML SUSPENSION;2988;1668;;834;2491992;0;1;;1668;;;;;;1435
32;32;HSAM032;1;ALBENDAZOL 200MG TABLETA;2942;200;;100;294200;0;1;;200;;;;;;1435
33;33;HSAM033;1;ALBENDAZOL 400MG/15ML SUSPENSION;2996;936;;468;1402128;0;1;;936;;;;;;1435
34;34;HSAM034;1;ALBUMINA HUMANA 250MG/ML SOLUCION INYECTABLE;3000;210220;;105110;315330000;0;1;;210220;;;;;;1435
35;35;HSAM035;1;ALENDRONATO SODICO 70MG TABLETA;3000;1130;;565;1695000;0;1;;1130;;;;;;1435
36;36;HSAM036;1;ALFAMETILDOPA 250MG TABLETA;3000;263;;131.5;394500;0;1;;263;;;;;;1435
37;37;HSAM037;1;ALOPURINOL 100MG TABLETA;2999;250;;125;374875;0;1;;250;;;;;;1435
38;38;HSAM038;1;ALOPURINOL 300MG TABLETA;3000;259;;129.5;388500;0;1;;259;;;;;;1435
39;39;HSAM039;1;ALPRAZOLAM 0.25MG TABLETA;3000;330;;165;495000;0;1;;330;;;;;;1435
40;40;HSAM040;1;ALPRAZOLAM 0.50MG TABLETA;3000;530;;265;795000;0;1;;530;;;;;;1435
41;41;HSAM041;1;AMANTADINA 100MG CAPSULA;3000;699;;349.5;1048500;0;1;;699;;;;;;1435
42;42;HSAM042;1;AMIKACINA 100MG/2ML AMPOLLA;3000;1300;;650;1950000;0;1;;1300;;;;;;1435
43;43;HSAM043;1;AMIKACINA 500MG/2ML AMPOLLA;2998;1660;;830;2488340;0;1;;1660;;;;;;1435
44;44;HSAM044;1;AMINOACIDOS + LIPIDOS + DEXTROSA-DODB3BG0E1N79;2999;439830;;219915;659525085;0;1;;439830;;;;;;1435
45;45;HSAM045;1;AMINOACIDOS ADULTOS 10% SIN ELECTROLITOS-ARB6433;3000;96210;;48105;144315000;0;1;;96210;;;;;;1435
46;46;HSAM046;1;AMINOACIDOS PEDIATRICOS 10%-PCA3CG114N79;3000;112710;;56355;169065000;0;1;;112710;;;;;;1435
47;47;HSAM047;1;AMINOFILINA 100MG TABLETA;2998;696;;348;1043304;0;1;;696;;;;;;1435
48;48;HSAM048;1;AMINOFILINA 240MG/10ML AMPOLLA;3000;1040;;520;1560000;0;1;;1040;;;;;;1435
49;49;HSAM049;1;AMIODARONA 150MG/3ML AMPOLLA;3000;4110;;2055;6165000;0;1;;4110;;;;;;1435
50;50;HSAM050;1;AMIODARONA CLORHIDRATO 200MG TABLETA;3000;290;;145;435000;0;1;;290;;;;;;1435
51;51;HSAM051;1;AMITRIPTILINA 25MG TABLETA;3000;50;;25;75000;0;1;;50;;;;;;1435
52;52;HSAM052;1;AMLODIPINO 5MG TABLETA;1560;35;;17.5;27300;0;1;;35;;;;;;1435
53;53;HSAM053;1;AMOXICILINA + ACIDO CLAVULINICO 1GR TABLETA;2999;5800;;2900;8697100;0;1;;5800;;;;;;1435
54;54;HSAM054;1;AMOXICILINA + ACIDO CLAVULINICO 250MG+62,5MG SUSPENSION;3000;97000;;48500;145500000;0;1;;97000;;;;;;1435
55;55;HSAM055;1;AMOXICILINA + ACIDO CLAVULINICO 500MG+125MG TABLETA;2985;10000;;5000;14925000;0;1;;10000;;;;;;1435
56;56;HSAM056;1;AMOXICILINA 125MG/5ML SUSPENSION;3000;3100;;1550;4650000;0;1;;3100;;;;;;1435
57;57;HSAM057;1;AMOXICILINA 250MG/5ML SUSPENSION;2992;3400;;1700;5086400;0;1;;3400;;;;;;1435
58;58;HSAM058;1;AMOXICILINA 500MG CAPSULA;2840;235;;117.5;333700;0;1;;235;;;;;;1435
59;59;HSAM059;1;AMPICILINA + SULBACTAM 1.5GR AMPOLLA;3000;3390;;1695;5085000;0;1;;3390;;;;;;1435
60;60;HSAM060;1;AMPICILINA 125MG/5ML JARABE;3000;6658;;3329;9987000;0;1;;6658;;;;;;1435
61;61;HSAM061;1;AMPICILINA 1GR AMPOLLA;3000;2240;;1120;3360000;0;1;;2240;;;;;;1435
62;62;HSAM062;1;AMPICILINA 250MG/5ML SUSPENSION;2999;3513;;1756.5;5267743.5;0;1;;3513;;;;;;1435
63;63;HSAM063;1;AMPICILINA 500MG AMPOLLA;3000;2020;;1010;3030000;0;1;;2020;;;;;;1435
64;64;HSAM064;1;ANFOTERICINA B 50MG AMPOLLA;3000;124310;;62155;186465000;0;1;;124310;;;;;;1435
65;65;HSAM065;1;ANTI INHIBIDOR FACTOR (VIII) 500U.I VIAL-1501382;3000;6660891;;3330445.5;9991336500;0;1;;6660891;;;;;;1435
66;66;HSAM066;1;ACIDO ASCORBICO 100MG/ML GOTAS;2998;2948;;1474;4419052;0;1;;2948;;;;;;1435
67;67;HSAM067;1;ACIDO ASCORBICO 500MG CAPSULA;3000;138;;69;207000;0;1;;138;;;;;;1435
68;68;HSAM068;1;ACIDO ASCORBICO 500MG TABLETA;2889;118;;59;170451;0;1;;118;;;;;;1435
69;69;HSAM069;1;ACIDO ASCORBICO 500MG TABLETA EFERVECENTE;3000;3742;;1871;5613000;0;1;;3742;;;;;;1435
70;70;HSAM070;1;ACIDO ASCORBICO 500MG/ML AMPOLLA;3000;19300;;9650;28950000;0;1;;19300;;;;;;1435
71;71;HSAM071;1;ATAZANAVIR 150MG CAPSULA;3000;31023;;15511.5;46534500;0;1;;31023;;;;;;1435
72;72;HSAM072;1;ATAZANAVIR 300MG CAPSULA;3000;62045;;31022.5;93067500;0;1;;62045;;;;;;1435
73;73;HSAM073;1;ATORVASTATINA 10MG TABLETA;3000;187;;93.5;280500;0;1;;187;;;;;;1435
74;74;HSAM074;1;ATORVASTATINA 20MG CAPSULA;3000;11490;;5745;17235000;0;1;;11490;;;;;;1435
75;75;HSAM075;1;ATORVASTATINA 40MG TABLETA;3000;854;;427;1281000;0;1;;854;;;;;;1435
76;76;HSAM076;1;ATROPINA + ISOPTO 1% GOTAS OFTALMICAS;3000;45090;;22545;67635000;0;1;;45090;;;;;;1435
77;77;HSAM077;1;ATROPINA 1MG/1ML AMPOLLA;3000;850;;425;1275000;0;1;;850;;;;;;1435
78;78;HSAM078;1;AZATIOPRINA 50MG TABLETAl;3000;3480;;1740;5220000;0;1;;3480;;;;;;1435
79;79;HSAM079;1;AZATIOPRINA 50MG TABLETA;3000;4333;;2166.5;6499500;0;1;;4333;;;;;;1435
80;80;HSAM080;1;AZITROMICINA 200MG/5ML SUSPENSION;3000;5433;;2716.5;8149500;0;1;;5433;;;;;;1435
81;81;HSAM081;1;AZITROMICINA 500MG TABLETA;3000;1297;;648.5;1945500;0;1;;1297;;;;;;1435
82;82;HSAM082;1;AZTREONAM 1GR VIAL;3000;36505;;18252.5;54757500;0;1;;36505;;;;;;1435
83;83;HSAM083;1;BECLOMETASONA 250MCG INHALADOR BUCAL HFA;3000;20640;;10320;30960000;0;1;;20640;;;;;;1435
84;84;HSAM084;1;BECLOMETASONA 50 MCG INHALADOR BUCAL HFA;3000;16100;;8050;24150000;0;1;;16100;;;;;;1435
85;85;HSAM085;1;BENZOATO DE BENCILO 30% LOCIONl;3000;3414;;1707;5121000;0;1;;3414;;;;;;1435
86;86;HSAM086;1;BENZOATO DE BENCILO 30% LOCION;3000;12212;;6106;18318000;0;1;;12212;;;;;;1435
87;87;HSAM087;1;BETAMETASONA 0.05% CREMA;2997;3184;;1592;4771224;0;1;;3184;;;;;;1435
88;88;HSAM088;1;BETAMETASONA 0.05% UNGUENTO;3000;5548;;2774;8322000;0;1;;5548;;;;;;1435
89;89;HSAM089;1;BETAMETASONA 3+3MG/2ML AMPOLLA;3000;11720;;5860;17580000;0;1;;11720;;;;;;1435
90;90;HSAM090;1;BETAMETASONA 4MG/1ML AMPOLLA;3000;950;;475;1425000;0;1;;950;;;;;;1435
91;91;HSAM091;1;BETAMETILDIGOXINA 0.1MG TABLETA;3000;2669;;1334.5;4003500;0;1;;2669;;;;;;1435
92;92;HSAM092;1;BETAMETILDIGOXINA 0.6MG GOTAS;3000;90934;;45467;136401000;0;1;;90934;;;;;;1435
93;93;HSAM093;1;BETAMETILDIGOXINA 2MG/2ML AMPOLLA;3000;19300;;9650;28950000;0;1;;19300;;;;;;1435
94;94;HSAM094;1;BICARBONATO DE SODIO 10MQE/10ML AMPOLLA;3000;1320;;660;1980000;0;1;;1320;;;;;;1435
95;95;HSAM095;1;BICARBONATO DE SODIO 8.4%/10ML AMPOLLA;3000;1830;;915;2745000;0;1;;1830;;;;;;1435
96;96;HSAM096;1;BIPERIDENO 2MG TABLETA;3000;355;;177.5;532500;0;1;;355;;;;;;1435
97;97;HSAM097;1;BIPERIDENO 5MG AMPOLLA;3000;18810;;9405;28215000;0;1;;18810;;;;;;1435
98;98;HSAM098;1;BISACODILO 5MG GRAGEA;2889;110;;55;158895;0;1;;110;;;;;;1435
99;99;HSAM099;1;BLEOMICINA SULFATO 15U.I./5ML VIAL;3000;116212;;58106;174318000;0;1;;116212;;;;;;1435
100;100;HSAM100;1;BOSENTAN 125MG TABLETA;3000;600758;;300379;901137000;0;1;;600758;;;;;;1435
101;101;HSAM101;1;BRIMONIDINA 2% GOTAS OFTALMICAS;3000;123927;;61963.5;185890500;0;1;;123927;;;;;;1435
102;102;HSAM102;1;BROMOCRIPTINA 2.5MG CAPSULA;3000;1280;;640;1920000;0;1;;1280;;;;;;1435
103;103;HSAM103;1;BROMURO DE IPRATROPIO 20MCG AEROSOL HFA;3000;19650;;9825;29475000;0;1;;19650;;;;;;1435
104;104;HSAM104;1;BROMURO DE VECURONIO 10MG AMPOLLA;3000;32060;;16030;48090000;0;1;;32060;;;;;;1435
105;105;HSAM105;1;BUPIVACAINA 50MG/10ML(0.5%) CON EPINEFRINA AMPOLLA;3000;15920;;7960;23880000;0;1;;15920;;;;;;1435
106;106;HSAM106;1;BUPIVACAINA 50MG/10ML(0.5%) SIN EPINEFRINA AMPOLLA;3000;2014;;1007;3021000;0;1;;2014;;;;;;1435
107;107;HSAM107;1;BUPIVACAINA LEVOGIRA 0.75%;3000;5380;;2690;8070000;0;1;;5380;;;;;;1435
108;108;HSAM108;1;CALCITRIOL 0.25MCG CAPSULA;3000;302;;151;453000;0;1;;302;;;;;;1435
109;109;HSAM109;1;CALCITRIOL 0.5MCG TABLETA;3000;433;;216.5;649500;0;1;;433;;;;;;1435
110;110;HSAM110;1;CAPECITABINA 500MG TABLETA;3000;59042;;29521;88563000;0;1;;59042;;;;;;1435
111;111;HSAM111;1;CAPTOPRIL 25MG TABLETA;3000;43;;21.5;64500;0;1;;43;;;;;;1435
112;112;HSAM112;1;CAPTOPRIL 50MG TABLETA;3000;56;;28;84000;0;1;;56;;;;;;1435
113;113;HSAM113;1;CARBAMAZEPINA 2% SUSPENSION;3000;6533;;3266.5;9799500;0;1;;6533;;;;;;1435
114;114;HSAM114;1;CARBAMAZEPINA 200MG TABLETA;3000;138;;69;207000;0;1;;138;;;;;;1435
115;115;HSAM115;1;CARBIDOPA + LEVODOPA 25MG+250MG TABLETA;3000;446;;223;669000;0;1;;446;;;;;;1435
116;116;HSAM116;1;CARBONATO DE CALCIO + VITAMINA D 600+200MG TABLETA;2880;105;;52.5;151200;0;1;;105;;;;;;1435
117;117;HSAM117;1;CARBONATO DE CALCIO 600MG TABLETA;2190;72;;36;78840;0;1;;72;;;;;;1435
118;118;HSAM118;1;CARBONATO DE LITIO 300MG TABLETA;3000;230;;115;345000;0;1;;230;;;;;;1435
119;119;HSAM119;1;CARBOPLATINO 450MG/45ML VIAL;3000;197662;;98831;296493000;0;1;;197662;;;;;;1435
120;120;HSAM120;1;CARBOXIMETILCELULOSA SODICA 0.5% GOTAS OFTALMICAS;3000;16644;;8322;24966000;0;1;;16644;;;;;;1435
121;121;HSAM121;1;CARVEDILOL 12.5MG TABLETA;3000;604;;302;906000;0;1;;604;;;;;;1435
122;122;HSAM122;1;CARVEDILOL 25MG TABLETA;3000;604;;302;906000;0;1;;604;;;;;;1435
123;123;HSAM123;1;CARVEDILOL 6.25MG TABLETA;3000;525;;262.5;787500;0;1;;525;;;;;;1435
124;124;HSAM124;1;CEFALEXINA 125MG/5ML SUSPENSION;3000;7058;;3529;10587000;0;1;;7058;;;;;;1435
125;125;HSAM125;1;CEFALEXINA 250MG/5ML SUSPENSION;2991;4406;;2203;6589173;0;1;;4406;;;;;;1435
126;126;HSAM126;1;CEFALEXINA 500MG CAPSULA;2923;361;;180.5;527601.5;0;1;;361;;;;;;1435
127;127;HSAM127;1;CEFALOTINA 1GR AMPOLLA;3000;3930;;1965;5895000;0;1;;3930;;;;;;1435
128;128;HSAM128;1;CEFEPIME 1GR AMPOLLA;3000;16720;;8360;25080000;0;1;;16720;;;;;;1435
129;129;HSAM129;1;CEFRADINA 1GR AMPOLLA;3000;3820;;1910;5730000;0;1;;3820;;;;;;1435
130;130;HSAM130;1;CEFRADINA 500MG CAPSULA;3000;545;;272.5;817500;0;1;;545;;;;;;1435
131;131;HSAM131;1;CEFRADINA 500MG TABLETA;3000;466;;233;699000;0;1;;466;;;;;;1435
132;132;HSAM132;1;CEFTRIAXONA 1GR AMPOLLA;3000;3820;;1910;5730000;0;1;;3820;;;;;;1435
133;133;HSAM133;1;CEFTRIAXONA 500MG AMPOLLA;3000;7920;;3960;11880000;0;1;;7920;;;;;;1435
134;134;HSAM134;1;CEFUROXIMA 500MG TABLETA;3000;6648;;3324;9972000;0;1;;6648;;;;;;1435
135;135;HSAM135;1;CEFUROXIMA 75MG AMPOLLA;3000;9260;;4630;13890000;0;1;;9260;;;;;;1435
136;136;HSAM136;1;CICLOFOSFAMIDA 1GR AMPOLLA-2638B5009;3000;90040;;45020;135060000;0;1;;90040;;;;;;1435
137;137;HSAM137;1;CICLOFOSFAMIDA 500MG AMPOLLA-2638B5011;3000;76630;;38315;114945000;0;1;;76630;;;;;;1435
138;138;HSAM138;1;CICLOFOSFAMIDA 50MG TABLETA-2638B1090;3000;3184;;1592;4776000;0;1;;3184;;;;;;1435
139;139;HSAM139;1;CICLOSPORINA 100MG CAPSULA;3000;16972;;8486;25458000;0;1;;16972;;;;;;1435
140;140;HSAM140;1;CICLOSPORINA 100MG/ML SOLUCION ORAL;3000;2028540;;1014270;3042810000;0;1;;2028540;;;;;;1435
141;141;HSAM141;1;CICLOSPORINA 25MG CAPSULA;3000;6887;;3443.5;10330500;0;1;;6887;;;;;;1435
142;142;HSAM142;1;CICLOSPORINA 50MG CAPSULA;3000;12114;;6057;18171000;0;1;;12114;;;;;;1435
143;143;HSAM143;1;CIPROFLOXACINO 100MG/10ML AMPOLLA;3000;3430;;1715;5145000;0;1;;3430;;;;;;1435
144;144;HSAM144;1;CIPROFLOXACINO 100MG/50ML AMPOLLA;3000;52400;;26200;78600000;0;1;;52400;;;;;;1435
145;145;HSAM145;1;CIPROFLOXACINO 250 MG TABLETA;3000;207;;103.5;310500;0;1;;207;;;;;;1435
146;146;HSAM146;1;CIPROFLOXACINO 500MG TABLETA;2972;279;;139.5;414594;0;1;;279;;;;;;1435
147;147;HSAM147;1;CISPLATINO 50 MG AMPOLLA;3000;55060;;27530;82590000;0;1;;55060;;;;;;1435
148;148;HSAM148;1;CISPLATINO 50MG AMPOLLA;3000;46944;;23472;70416000;0;1;;46944;;;;;;1435
149;149;HSAM149;1;CITARABINA 100MG AMPOLLA;3000;22410;;11205;33615000;0;1;;22410;;;;;;1435
150;150;HSAM150;1;CITARABINA 500MG AMPOLLA;3000;49170;;24585;73755000;0;1;;49170;;;;;;1435
151;151;HSAM151;1;CLARITROMICINA 125MG/5ML SUSPENSION;3000;133838;;66919;200757000;0;1;;133838;;;;;;1435
152;152;HSAM152;1;CLARITROMICINA 250MG/5ML SUSPENSION;3000;17333;;8666.5;25999500;0;1;;17333;;;;;;1435
153;153;HSAM153;1;CLARITROMICINA 500MG TABLETA;3000;1379;;689.5;2068500;0;1;;1379;;;;;;1435
154;154;HSAM154;1;CLARITROMICINA 500MG/10ML AMPOLLA;3000;57210;;28605;85815000;0;1;;57210;;;;;;1435
155;155;HSAM155;1;CLINDAMICINA 600MG/4ML AMPOLLA;3000;2560;;1280;3840000;0;1;;2560;;;;;;1435
156;156;HSAM156;1;CLONAZEPAM 0.5MG TABLETA;3000;246;;123;369000;0;1;;246;;;;;;1435
157;157;HSAM157;1;CLONAZEPAM 2.5MG/ML GOTAS;3000;18056;;9028;27084000;0;1;;18056;;;;;;1435
158;158;HSAM158;1;CLONAZEPAM 2MG TABLETA;3000;263;;131.5;394500;0;1;;263;;;;;;1435
159;159;HSAM159;1;CLONIDINA 0.150MG COMPRIMIDO;3000;141;;70.5;211500;0;1;;141;;;;;;1435
160;160;HSAM160;1;CLOPIDOGREL 75MG TABLETA;3000;295;;147.5;442500;0;1;;295;;;;;;1435
161;161;HSAM161;1;CLORANFENICOL 0.5% GOTAS;3000;7879;;3939.5;11818500;0;1;;7879;;;;;;1435
162;162;HSAM162;1;CLORANFENICOL 1MG AMPOLLA;3000;12650;;6325;18975000;0;1;;12650;;;;;;1435
163;163;HSAM163;1;CLORANFENICOL 250MG CAPSULA;3000;466;;233;699000;0;1;;466;;;;;;1435
164;164;HSAM164;1;CLORFENIRAMINA 2MG/5ML JARABE;3000;2856;;1428;4284000;0;1;;2856;;;;;;1435
165;165;HSAM165;1;CLORFENIRAMINA 4MG TABLETA;3000;56;;28;84000;0;1;;56;;;;;;1435
166;166;HSAM166;1;CLOROQUINA 150MG TABLETA;3000;325;;162.5;487500;0;1;;325;;;;;;1435
167;167;HSAM167;1;CLORURO DE POTASIO 20 MEQ/10 ML AMPOLLA;3000;2330;;1165;3495000;0;1;;2330;;;;;;1435
168;168;HSAM168;1;CLORURO DE SODIO 20MEQ/10ML AMPOLLA;3000;2500;;1250;3750000;0;1;;2500;;;;;;1435
169;169;HSAM169;1;CLORURO DE SUXAMETONIO 40MG/2ML AMP (SUCCINICOLINA);3000;10000;;5000;15000000;0;1;;10000;;;;;;1435
170;170;HSAM170;1;CLOTRIMAZOL 0,01 CREMA VAGINAL;2975;5154;;2577;7666575;0;1;;5154;;;;;;1435
171;171;HSAM171;1;CLOTRIMAZOL 1% CREMA TOPICA;2997;2347;;1173.5;3516979.5;0;1;;2347;;;;;;1435
172;172;HSAM172;1;CLOTRIMAZOL 1% SOLUCION TOPICA;3000;2810;;1405;4215000;0;1;;2810;;;;;;1435
173;173;HSAM173;1;CLOTRIMAZOL 100MG TABLETA VAGINAL;2993;217;;108.5;324740.5;0;1;;217;;;;;;1435
174;174;HSAM174;1;CLOZAPINA 100MG TABLETA;3000;253;;126.5;379500;0;1;;253;;;;;;1435
175;175;HSAM175;1;CLOZAPINA 25MG TABLETA;3000;184;;92;276000;0;1;;184;;;;;;1435
176;176;HSAM176;1;COLCHICINA 0.5MG TABLETA;3000;76;;38;114000;0;1;;76;;;;;;1435
177;177;HSAM177;1;COLESTIRAMINA 4GR SOBRE;3000;2520;;1260;3780000;0;1;;2520;;;;;;1435
178;178;HSAM178;1;CROMOGLICATO DE SODIO 2% SOLUCION NASAL;3000;4210;;2105;6315000;0;1;;4210;;;;;;1435
179;179;HSAM179;1;CROMOGLICATO DE SODIO 2% SOLUCION OFTALMICA;3000;3620;;1810;5430000;0;1;;3620;;;;;;1435
180;180;HSAM180;1;CROMOGLICATO DE SODIO 4% SOLUCION NASAL;3000;4430;;2215;6645000;0;1;;4430;;;;;;1435
181;181;HSAM181;1;CROMOGLICATO DE SODIO 4% SOLUCION NASO-OFTALMICA;3000;4430;;2215;6645000;0;1;;4430;;;;;;1435
182;182;HSAM182;1;CROMOGLICATO DE SODIO 4% SOLUCION OFTALMICA;3000;3620;;1810;5430000;0;1;;3620;;;;;;1435
183;183;HSAM183;1;CROTAMITON 10% LOCION;3000;4071;;2035.5;6106500;0;1;;4071;;;;;;1435
184;184;HSAM184;1;DACARBAZINA 200MG AMPOLLA;3000;55740;;27870;83610000;0;1;;55740;;;;;;1435
185;185;HSAM185;1;DANAZOL 200MG CAPSULA;3000;3693;;1846.5;5539500;0;1;;3693;;;;;;1435
186;186;HSAM186;1;DEXAMETASONA + NEOMICINA + POLIMICINA GOTAS OFTALMICAS;3000;5335;;2667.5;8002500;0;1;;5335;;;;;;1435
187;187;HSAM187;1;DEXAMETASONA 4MG/1ML AMPOLLA;3000;890;;445;1335000;0;1;;890;;;;;;1435
188;188;HSAM188;1;DEXAMETASONA 8MG/2ML AMPOLLA;2999;870;;435;1304565;0;1;;870;;;;;;1435
189;189;HSAM189;1;DEXTROSA 10% EN AGUA DESTILADA X 250 ML-ARB0162;3000;5510;;2755;8265000;0;1;;5510;;;;;;1435
190;190;HSAM190;1;DEXTROSA 5% EN AGUA DESTILADA X 500 ML;3000;5000;;2500;7500000;0;1;;5000;;;;;;1435
191;191;HSAM191;1;DEXTROSA 50% EN AGUA DESTILADA-ARB0253;3000;20068;;10034;30102000;0;1;;20068;;;;;;1435
192;192;HSAM192;1;DIAZEPAM 10MG TABLETA;3000;358;;179;537000;0;1;;358;;;;;;1435
193;193;HSAM193;1;DIAZEPAM 5MG TABLETA;3000;312;;156;468000;0;1;;312;;;;;;1435
194;194;HSAM194;1;DICLOFENACO SODICO 50MG GRAGEA;2887;60;;30;86610;0;1;;60;;;;;;1435
195;195;HSAM195;1;DICLOFENACO SODICO 50MG TABLETA;2800;46;;23;64400;0;1;;46;;;;;;1435
196;196;HSAM196;1;DICLOFENACO SODICO 75MG/3ML(2.5%) AMPOLLA;3000;900;;450;1350000;0;1;;900;;;;;;1435
197;197;HSAM197;1;DICLOXACILINA 125MG/5ML SUSPENSION;3000;6172;;3086;9258000;0;1;;6172;;;;;;1435
198;198;HSAM198;1;DICLOXACILINA 250MG/5ML SUSPENSION;3000;4678;;2339;7017000;0;1;;4678;;;;;;1435
199;199;HSAM199;1;DICLOXACILINA 500MG CAPSULA;2818;322;;161;453698;0;1;;322;;;;;;1435
200;200;HSAM200;1;DIDANOSINA 100MG TABLETA;3000;3037;;1518.5;4555500;0;1;;3037;;;;;;1435
201;201;HSAM201;1;DIDANOSINA 400MG CAPSULA;3000;12852;;6426;19278000;0;1;;12852;;;;;;1435
202;202;HSAM202;1;DIFENHIDRAMINA 12.5MG/5ML JARABE;3000;2833;;1416.5;4249500;0;1;;2833;;;;;;1435
203;203;HSAM203;1;DIFENHIDRAMINA 50MG CAPSULA;3000;322;;161;483000;0;1;;322;;;;;;1435
204;204;HSAM204;1;DIHIDROCODEINA 2,42MG/ML JARABE;3000;6467;;3233.5;9700500;0;1;;6467;;;;;;1435
205;205;HSAM205;1;DIHIDROERGOTOXINA 4.5MG CAPSULA;3000;1149;;574.5;1723500;0;1;;1149;;;;;;1435
206;206;HSAM206;1;DIHIDROERGOTOXINA 4.5MG TABLETA;3000;1182;;591;1773000;0;1;;1182;;;;;;1435
207;207;HSAM207;1;DIMEGLUMINA GADOPENTETATO 0,5 SOLUCION INYECTABLE;3000;408670;;204335;613005000;0;1;;408670;;;;;;1435
208;208;HSAM208;1;DIMENHIDRINATO 50MG TABLETA;3000;138;;69;207000;0;1;;138;;;;;;1435
209;209;HSAM209;1;DINITRATO DE ISOSORBIDE 10MG COMPRIMIDO;3000;604;;302;906000;0;1;;604;;;;;;1435
210;210;HSAM210;1;DINITRATO DE ISOSORBIDE 10MG TABLETA;3000;53;;26.5;79500;0;1;;53;;;;;;1435
211;211;HSAM211;1;DINITRATO DE ISOSORBIDE 5MG TABLETA;3000;607;;303.5;910500;0;1;;607;;;;;;1435
212;212;HSAM212;1;DIPIRONA 1GR/2ML AMPOLLA;2999;1000;;500;1499500;0;1;;1000;;;;;;1435
213;213;HSAM213;1;DOBUTAMINA 250MG/20ML AMPOLLA;3000;11990;;5995;17985000;0;1;;11990;;;;;;1435
214;214;HSAM214;1;DOBUTAMINA 250MG/250ML BOLSA-ARB0791D;3000;71444;;35722;107166000;0;1;;71444;;;;;;1435
215;215;HSAM215;1;DOBUTAMINA 250MG/5ML AMPOLLA;3000;13170;;6585;19755000;0;1;;13170;;;;;;1435
216;216;HSAM216;1;DOPAMINA 200MG/5ML AMPOLLA;3000;2240;;1120;3360000;0;1;;2240;;;;;;1435
217;217;HSAM217;1;DOXAZOSINA 2MG TABLETA;3000;1149;;574.5;1723500;0;1;;1149;;;;;;1435
218;218;HSAM218;1;DOXAZOSINA 4MG TABLETA;3000;1149;;574.5;1723500;0;1;;1149;;;;;;1435
219;219;HSAM219;1;DOXICICLINA 100MG CAPSULA;3000;148;;74;222000;0;1;;148;;;;;;1435
220;220;HSAM220;1;DOXORUBICINA 10MG AMPOLLA;3000;23090;;11545;34635000;0;1;;23090;;;;;;1435
221;221;HSAM221;1;DOXORUBICINA 50MG AMPOLLA;3000;87210;;43605;130815000;0;1;;87210;;;;;;1435
222;222;HSAM222;1;EFAVIRENZ 600MG TABLETA;3000;2580;;1290;3870000;0;1;;2580;;;;;;1435
223;223;HSAM223;1;ELEMENTOS TRAZA ADULTO 10ML;3000;30640;;15320;45960000;0;1;;30640;;;;;;1435
224;224;HSAM224;1;ELEMENTOS TRAZA PEDIATRICOS 10ML;3000;101350;;50675;152025000;0;1;;101350;;;;;;1435
225;225;HSAM225;1;ENALAPRIL 20MG TABLETA;2770;49;;24.5;67865;0;1;;49;;;;;;1435
226;226;HSAM226;1;ENALAPRIL 5MG TABLETA;3000;46;;23;69000;0;1;;46;;;;;;1435
227;227;HSAM227;1;ENOXAPARINA SODICA 20MG/0.2ML AMPOLLA;3000;16200;;8100;24300000;0;1;;16200;;;;;;1435
228;228;HSAM228;1;ENOXAPARINA SODICA 40MG/0.2ML AMPOLLA;3000;27410;;13705;41115000;0;1;;27410;;;;;;1435
229;229;HSAM229;1;ENOXAPARINA SODICA 60MG/0.2ML AMPOLLA;3000;36190;;18095;54285000;0;1;;36190;;;;;;1435
230;230;HSAM230;1;ENOXAPARINA SODICA 80MG/0.2ML AMPOLLA;3000;46160;;23080;69240000;0;1;;46160;;;;;;1435
231;231;HSAM231;1;EQUIPO BOMBA DE INFUSION;3000;62370;;31185;93555000;0;1;;62370;;;;;;1435
232;232;HSAM232;1;EQUIPO MACROGOTEO MRC0001P;3000;4400;;2200;6600000;0;1;;4400;;;;;;1435
233;233;HSAM233;1;EQUIPO MICROGOTEO MRC0002P;3000;6360;;3180;9540000;0;1;;6360;;;;;;1435
234;234;HSAM234;1;EQUIPO PARA ADMINISTRACION DE NITROGLICERINA-2C7552;3000;84283;;42141.5;126424500;0;1;;84283;;;;;;1435
235;235;HSAM235;1;EQUIPO PARA MEDICAMENTOS FOTOSENSIBLES-VMC9607C;3000;91611;;45805.5;137416500;0;1;;91611;;;;;;1435
236;236;HSAM236;1;EQUIPO PATROL CON BOLSA;3000;105221;;52610.5;157831500;0;1;;105221;;;;;;1435
237;237;HSAM237;1;EQUIPO PATROL CON PUNZON;3000;87248;;43624;130872000;0;1;;87248;;;;;;1435
238;238;HSAM238;1;EQUIPOA PARA ADMINISTRACION DE SOLUCIONES EN Y MRC0005P;3000;9750;;4875;14625000;0;1;;9750;;;;;;1435
239;239;HSAM239;1;ERGOTAMINA + CAFEINA 1MG+100MG TABLETA;3000;1051;;525.5;1576500;0;1;;1051;;;;;;1435
240;240;HSAM240;1;ERITROMICINA 250MG/5ML SUSPENSION;3000;7058;;3529;10587000;0;1;;7058;;;;;;1435
241;241;HSAM241;1;ERITROMICINA 500MG TABLETA;3000;486;;243;729000;0;1;;486;;;;;;1435
242;242;HSAM242;1;ERITROPOYECTINA HUMANA LIOFILIZADA 200 U.I;3000;17140;;8570;25710000;0;1;;17140;;;;;;1435
243;243;HSAM243;1;ERITROPOYECTINA HUMANA RECOMBINANTE 2000 U.I;3000;13220;;6610;19830000;0;1;;13220;;;;;;1435
244;244;HSAM244;1;ERITROPOYECTINA HUMANA RECOMBINANTE 4000 U.I;3000;28610;;14305;42915000;0;1;;28610;;;;;;1435
245;245;HSAM245;1;ESOMEPRAZOL 20MG TABLETA;3000;437;;218.5;655500;0;1;;437;;;;;;1435
246;246;HSAM246;1;ESOMEPRAZOL 40MG TABLETA;3000;624;;312;936000;0;1;;624;;;;;;1435
247;247;HSAM247;1;ESPIRAMICINA 3.000.000U.I. TABLETA;3000;5745;;2872.5;8617500;0;1;;5745;;;;;;1435
248;248;HSAM248;1;ESPIRONOLACTONA 100MG TABLETA;3000;433;;216.5;649500;0;1;;433;;;;;;1435
249;249;HSAM249;1;ESPIRONOLACTONA 25MG TABLETA;3000;158;;79;237000;0;1;;158;;;;;;1435
250;250;HSAM250;1;ESTAVUDINA 30MG CAPSULA;3000;1251;;625.5;1876500;0;1;;1251;;;;;;1435
251;251;HSAM251;1;ESTAVUDINA 40MG CAPSULA;3000;1641;;820.5;2461500;0;1;;1641;;;;;;1435
252;252;HSAM252;1;ESTREPTOQUINASA 1.500.000U.I. VIAL;3000;1247475;;623737.5;1871212500;0;1;;1247475;;;;;;1435
253;253;HSAM253;1;ESTREPTOQUINASA 750.000U.I. VIAL;3000;649639;;324819.5;974458500;0;1;;649639;;;;;;1435
254;254;HSAM254;1;ESTROGENOS CONJUGADOS 0.625MG CREMA VAGINAL;3000;65000;;32500;97500000;0;1;;65000;;;;;;1435
255;255;HSAM255;1;ESTROGENOS CONJUGADOS 0.625MG TABLETA;3000;1149;;574.5;1723500;0;1;;1149;;;;;;1435
256;256;HSAM256;1;ETANERCEPT 25GR AMPOLLA;3000;844500;;422250;1266750000;0;1;;844500;;;;;;1435
257;257;HSAM257;1;ETOPOSIDO 100MG VIAL;3000;22323;;11161.5;33484500;0;1;;22323;;;;;;1435
258;258;HSAM258;1;FACTOR ANTIHEMOFILICO RECOMBINANTE CON SUCROSA 1000U.I VIAL;3000;5663535;;2831767.5;8495302500;0;1;;5663535;;;;;;1435
259;259;HSAM259;1;FENITOINA 250MG/5ML AMPOLLA;3000;6960;;3480;10440000;0;1;;6960;;;;;;1435
260;260;HSAM260;1;FENOXIMETILPENICILINA 250MG/5ML SUSPENSION;3000;12770;;6385;19155000;0;1;;12770;;;;;;1435
261;261;HSAM261;1;FENOXIMETILPENICILINA 500MG TABLETA;3000;732;;366;1098000;0;1;;732;;;;;;1435
262;262;HSAM262;1;FENTANILO 0.05% AMPOLLA;3000;7170;;3585;10755000;0;1;;7170;;;;;;1435
263;263;HSAM263;1;FLUCONAZOL 200MG CAPSULA;3000;325;;162.5;487500;0;1;;325;;;;;;1435
264;264;HSAM264;1;FLUCONAZOL 200MG TABLETA;3000;371;;185.5;556500;0;1;;371;;;;;;1435
265;265;HSAM265;1;FLUCONAZOL 200MG/100ML AMPOLLA;3000;12230;;6115;18345000;0;1;;12230;;;;;;1435
266;266;HSAM266;1;FLUCONAZOL 50MG SUSPENSION;3000;34470;;17235;51705000;0;1;;34470;;;;;;1435
267;267;HSAM267;1;FLUOROMETALONA 0.1% GOTAS OFTALMICAS;3000;15265;;7632.5;22897500;0;1;;15265;;;;;;1435
268;268;HSAM268;1;FLUORURACILO 500MG/10ML AMPOLLA;3000;16360;;8180;24540000;0;1;;16360;;;;;;1435
269;269;HSAM269;1;FLUOXETINA 20MG CAPSULA;3000;131;;65.5;196500;0;1;;131;;;;;;1435
270;270;HSAM270;1;FLUOXETINA 20MG TABLETA;3000;53;;26.5;79500;0;1;;53;;;;;;1435
271;271;HSAM271;1;FLUOXETINA 20MG/5ML JARABE;3000;14280;;7140;21420000;0;1;;14280;;;;;;1435
272;272;HSAM272;1;FOLINATO DE CALCIO 15MG CAPSULA;3000;2035;;1017.5;3052500;0;1;;2035;;;;;;1435
273;273;HSAM273;1;FOLINATO DE CALCIO 50MG AMPOLLA;3000;8900;;4450;13350000;0;1;;8900;;;;;;1435
274;274;HSAM274;1;FURAZOLIDONA 100MG TABLETA;3000;506;;253;759000;0;1;;506;;;;;;1435
275;275;HSAM275;1;FURAZOLIDONA 50MG/15ML SUSPENSION;3000;2620;;1310;3930000;0;1;;2620;;;;;;1435
276;276;HSAM276;1;FUROSEMIDA 20MG/2ML AMPOLLA;3000;794;;397;1191000;0;1;;794;;;;;;1435
277;277;HSAM277;1;FUROSEMIDA 40MG TABLETA;3000;46;;23;69000;0;1;;46;;;;;;1435
278;278;HSAM278;1;GEMCITABINA 1GR AMPOLLA;3000;379860;;189930;569790000;0;1;;379860;;;;;;1435
279;279;HSAM279;1;GEMFIBROZILO 600MG TABLETA;3000;207;;103.5;310500;0;1;;207;;;;;;1435
280;280;HSAM280;1;GENTAMICINA 0.3% GOTAS OFTALMICAS;3000;3841;;1920.5;5761500;0;1;;3841;;;;;;1435
281;281;HSAM281;1;GENTAMICINA 0.3% UNGUENTO OFTALMICO;3000;18056;;9028;27084000;0;1;;18056;;;;;;1435
282;282;HSAM282;1;GENTAMICINA 160MG/2ML AMPOLLA;3000;1260;;630;1890000;0;1;;1260;;;;;;1435
283;283;HSAM283;1;GENTAMICINA 20MG/2ML AMPOLLA;3000;1120;;560;1680000;0;1;;1120;;;;;;1435
284;284;HSAM284;1;GENTAMICINA 40MG/2ML AMPOLLA;3000;1073;;536.5;1609500;0;1;;1073;;;;;;1435
285;285;HSAM285;1;GENTAMICINA 80MG/2ML AMPOLLA;3000;850;;425;1275000;0;1;;850;;;;;;1435
286;286;HSAM286;1;GLIBENCLAMIDA 5MG TABLETA;2910;36;;18;52380;0;1;;36;;;;;;1435
287;287;HSAM287;1;GLICERINA SUPOSITORIOS 1.5MG PEDIATRICO;3000;1240;;620;1860000;0;1;;1240;;;;;;1435
288;288;HSAM288;1;GLICERINA SUPOSITORIOS 2.5 MG ADULTO;3000;1720;;860;2580000;0;1;;1720;;;;;;1435
289;289;HSAM289;1;GLICERINA SUPOSITORIOS ADULTO;3000;1420;;710;2130000;0;1;;1420;;;;;;1435
290;290;HSAM290;1;GLUCONATO DE CALCIO 10MG/10ML AMPOLLA;3000;1180;;590;1770000;0;1;;1180;;;;;;1435
291;291;HSAM291;1;GLUCONATO DE POTASIO 31.2% JARABE;3000;13460;;6730;20190000;0;1;;13460;;;;;;1435
292;292;HSAM292;1;HALOPERIDOL 10MG TABLETA;3000;305;;152.5;457500;0;1;;305;;;;;;1435
293;293;HSAM293;1;HALOPERIDOL 2MG/ML GOTAS;3000;4678;;2339;7017000;0;1;;4678;;;;;;1435
294;294;HSAM294;1;HALOPERIDOL 5MG TABLETA;3000;220;;110;330000;0;1;;220;;;;;;1435
295;295;HSAM295;1;HALOPERIDOL 5MG/1ML AMPOLLA;3000;3860;;1930;5790000;0;1;;3860;;;;;;1435
296;296;HSAM296;1;HEPARINA SODICA 5000U.I/5ML AMPOLLA;3000;30060;;15030;45090000;0;1;;30060;;;;;;1435
297;297;HSAM297;1;HIDROCLOROTIAZIDA 25MG TABLETA;1920;26;;13;24960;0;1;;26;;;;;;1435
298;298;HSAM298;1;HIDROCORTISONA 0.5% LOCION;3000;9848;;4924;14772000;0;1;;9848;;;;;;1435
299;299;HSAM299;1;HIDROCORTISONA 1% CREMA;2999;3437;;1718.5;5153781.5;0;1;;3437;;;;;;1435
300;300;HSAM300;1;HIDROCORTISONA 100MG AMPOLLA;3000;3900;;1950;5850000;0;1;;3900;;;;;;1435
301;301;HSAM301;1;HIDROXICINA 100MG/2ML AMPOLLA;3000;34840;;17420;52260000;0;1;;34840;;;;;;1435
302;302;HSAM302;1;HIDROXIDO DE AL + MAG + SIMETICONA ( 200+200+20)MG/5ML SUSPENSION;2998;4566;;2283;6844434;0;1;;4566;;;;;;1435
303;303;HSAM303;1;HIDROXIDO DE AL 4%+ MAG4% + SIMETICONA 0,4% 360ML SUSPENSION;2998;4097;;2048.5;6141403;0;1;;4097;;;;;;1435
304;304;HSAM304;1;HIDROXIDO DE ALUMINIO 6GR/100ML SUSPENSION;2997;8207;;4103.5;12298189.5;0;1;;8207;;;;;;1435
305;305;HSAM305;1;HIDROXIPROGESTERONA CAPROATO 250MG AMPOLLA;3000;85680;;42840;128520000;0;1;;85680;;;;;;1435
306;306;HSAM306;1;HIERRO DEXTRANO 100MG/2ML AMPOLLA;3000;16630;;8315;24945000;0;1;;16630;;;;;;1435
307;307;HSAM307;1;HIERRO EN SACAROSA 100MG/5ML AMPOLLA;3000;21020;;10510;31530000;0;1;;21020;;;;;;1435
308;308;HSAM308;1;HIOSCINA N-BUTIL BROMURO + DIPIRONA 2.5GR/5ML AMPOLLA;2999;4700;;2350;7047650;0;1;;4700;;;;;;1435
309;309;HSAM309;1;HIOSCINA N-BUTIL BROMURO 10MG PERLAS;2985;1580;;790;2358150;0;1;;1580;;;;;;1435
310;310;HSAM310;1;HIOSCINA N-BUTIL BROMURO 10MG TABLETA;2713;174;;87;236031;0;1;;174;;;;;;1435
311;311;HSAM311;1;HIOSCINA N-BUTIL BROMURO 20MG/ML AMPOLLA;3000;3900;;1950;5850000;0;1;;3900;;;;;;1435
312;312;HSAM312;1;IBUPROFENO 400MG TABLETA;2872;89;;44.5;127804;0;1;;89;;;;;;1435
313;313;HSAM313;1;IBUPROFENO 600MG TABLETA;3000;164;;82;246000;0;1;;164;;;;;;1435
314;314;HSAM314;1;IBUPROFENO 800MG TABLETA;3000;190;;95;285000;0;1;;190;;;;;;1435
315;315;HSAM315;1;IMATINIB MESILATO 100MG CAPSULA;3000;61717;;30858.5;92575500;0;1;;61717;;;;;;1435
316;316;HSAM316;1;IMATINIB MESILATO 400MG TABLETA;3000;143295;;71647.5;214942500;0;1;;143295;;;;;;1435
317;317;HSAM317;1;IMIPENEN + CILASTATINA 500MG AMPOLLA;3000;46020;;23010;69030000;0;1;;46020;;;;;;1435
318;318;HSAM318;1;IMIPRAMINA 10MG GRAGEA;3000;1710;;855;2565000;0;1;;1710;;;;;;1435
319;319;HSAM319;1;IMIPRAMINA 25MG GRAGEA;3000;4100;;2050;6150000;0;1;;4100;;;;;;1435
320;320;HSAM320;1;INDINAVIR 400MG CAPSULA;3000;3578;;1789;5367000;0;1;;3578;;;;;;1435
321;321;HSAM321;1;INMUNOGLOBULINA HUMANA ANTI-D 250 MCG BULBO;3000;379170;;189585;568755000;0;1;;379170;;;;;;1435
322;322;HSAM322;1;INMUNOGLOBULINA HUMANA ANTI-D 300MCG VIAL;3000;1510101;;755050.5;2265151500;0;1;;1510101;;;;;;1435
323;323;HSAM323;1;INSULINA ASPARTO 100UI UI;3000;129780;;64890;194670000;0;1;;129780;;;;;;1435
324;324;HSAM324;1;INSULINA DETEMIR 100UI AMPOLLA;3000;204340;;102170;306510000;0;1;;204340;;;;;;1435
325;325;HSAM325;1;INSULINA GLARGINA 100U.I./ML AMPOLLA;3000;71860;;35930;107790000;0;1;;71860;;;;;;1435
326;326;HSAM326;1;INSULINA GLULISINA 100UI/ML AMPOLLA;3000;98860;;49430;148290000;0;1;;98860;;;;;;1435
327;327;HSAM327;1;INSULINA NPH 100U.I AMPOLLA;3000;29300;;14650;43950000;0;1;;29300;;;;;;1435
328;328;HSAM328;1;INSULINA R HUMANA 100U.I AMPOLLA;3000;29300;;14650;43950000;0;1;;29300;;;;;;1435
329;329;HSAM329;1;IOPROMIDA 300MG/ML SOLUCION INYECTABLE;3000;210260;;105130;315390000;0;1;;210260;;;;;;1435
330;330;HSAM330;1;ISOFLUORANO SUSTANCIA PURA LIQUIDO PARA INHALAR;3000;263920;;131960;395880000;0;1;;263920;;;;;;1435
331;331;HSAM331;1;ISONIAZIDA 100MG TABLETA;3000;4366;;2183;6549000;0;1;;4366;;;;;;1435
332;332;HSAM332;1;KETAMINA 500 MG / 10 ML AMP;3000;20510;;10255;30765000;0;1;;20510;;;;;;1435
333;333;HSAM333;1;KETOCONAZOL 100MG/5ML(2%) SUSPENSION;3000;3890;;1945;5835000;0;1;;3890;;;;;;1435
334;334;HSAM334;1;KETOCONAZOL 200MG TABLETA;3000;213;;106.5;319500;0;1;;213;;;;;;1435
335;335;HSAM335;1;KETOTIFENO 1MG TABLETA;3000;59;;29.5;88500;0;1;;59;;;;;;1435
336;336;HSAM336;1;KETOTIFENO 1MG/5ML JARABE;2995;2692;;1346;4031270;0;1;;2692;;;;;;1435
337;337;HSAM337;1;LABETALOL CLORHIDRATO 100 MG/20 ML AMPOLLA;3000;195590;;97795;293385000;0;1;;195590;;;;;;1435
338;338;HSAM338;1;LACTATO DE RINGER SOLUCION HARTMANN X 1000 ML-ARB2324;3000;9430;;4715;14145000;0;1;;9430;;;;;;1435
339;339;HSAM339;1;LACTATO DE RINGER SOLUCION HARTMANN X 500 ML;3000;4830;;2415;7245000;0;1;;4830;;;;;;1435
340;340;HSAM340;1;LACTATO DE SODIO HARTMAN X 3000 ML-ARB7487;3000;52690;;26345;79035000;0;1;;52690;;;;;;1435
341;341;HSAM341;1;LAMIVUDINA + ZIDOVUDINA 150MG+300MG TABLETA;3000;1609;;804.5;2413500;0;1;;1609;;;;;;1435
342;342;HSAM342;1;"LAMIVUDINA 150 MG TABLETA
";3000;814;;407;1221000;0;1;;814;;;;;;1435
343;343;HSAM343;1;"LAMIVUDINA 150MG JARABE
";3000;58434;;29217;87651000;0;1;;58434;;;;;;1435
344;344;HSAM344;1;LAMIVUDINA 150MG TABLETA;3000;831;;415.5;1246500;0;1;;831;;;;;;1435
345;345;HSAM345;1;LAMOTRIGINA 100MG TABLETA;3000;1543;;771.5;2314500;0;1;;1543;;;;;;1435
346;346;HSAM346;1;LAMOTRIGINA 25MG COMPRIMIDO;3000;978;;489;1467000;0;1;;978;;;;;;1435
347;347;HSAM347;1;LAMOTRIGINA 25MG TABLETA;3000;886;;443;1329000;0;1;;886;;;;;;1435
348;348;HSAM348;1;LAMOTRIGINA 50MG TABLETA;3000;1527;;763.5;2290500;0;1;;1527;;;;;;1435
349;349;HSAM349;1;L-ASPARAGINASE 10.000 UI AMPOLLA;3000;500690;;250345;751035000;0;1;;500690;;;;;;1435
350;350;HSAM350;1;LATANOPROST 50MCG/ML GOTAS OFTALMICAS;3000;57633;;28816.5;86449500;0;1;;57633;;;;;;1435
351;351;HSAM351;1;LEFLUNOMIDA 20MG CAPSULA;3000;6434;;3217;9651000;0;1;;6434;;;;;;1435
352;352;HSAM352;1;"LEFLUNOMIDA 20MG TABLETA
";3000;3568;;1784;5352000;0;1;;3568;;;;;;1435
353;353;HSAM353;1;LEVOMEPROMAZINA 100MG TABLETA;3000;952;;476;1428000;0;1;;952;;;;;;1435
354;354;HSAM354;1;LEVOMEPROMAZINA 25MG TABLETA;3000;722;;361;1083000;0;1;;722;;;;;;1435
355;355;HSAM355;1;LEVOMEPROMAZINA 4%SOLUCION SOLUCION ORAL;3000;38130;;19065;57195000;0;1;;38130;;;;;;1435
356;356;HSAM356;1;LEVONOGESTREL + ETINILESTRADIOL 0.15MG+0.03MG GRAGEA;3000;135;;67.5;202500;0;1;;135;;;;;;1435
357;357;HSAM357;1;LEVONOGESTREL 75 MG IMPLANTE+KIT DE INSERCION;3000;223781;;111890.5;335671500;0;1;;223781;;;;;;1435
358;358;HSAM358;1;LEVONORGESTREL 0.03MG GRAGEA;3000;811;;405.5;1216500;0;1;;811;;;;;;1435
359;359;HSAM359;1;LEVONORGESTREL 0.75MG TABLETA;3000;6493;;3246.5;9739500;0;1;;6493;;;;;;1435
360;360;HSAM360;1;LEVONORGESTREL 52MG AMPOLLA;3000;1561714;;780857;2342571000;0;1;;1561714;;;;;;1435
361;361;HSAM361;1;LEVOTIROXINA 100MCG TABLETA;3000;98;;49;147000;0;1;;98;;;;;;1435
362;362;HSAM362;1;LEVOTIROXINA 50MCG TABLETA;3000;79;;39.5;118500;0;1;;79;;;;;;1435
363;363;HSAM363;1;LIDOCAINA + CORTICOIDE SUPOSITORIO;3000;3890;;1945;5835000;0;1;;3890;;;;;;1435
364;364;HSAM364;1;LIDOCAINA + CORTICOIDE UNGUENTO PROCTOLOGICO;3000;6746;;3373;10119000;0;1;;6746;;;;;;1435
365;365;HSAM365;1;LIDOCAINA 1% S/EPINEFRINA AMPOLLA X 20 ML;3000;9330;;4665;13995000;0;1;;9330;;;;;;1435
366;366;HSAM366;1;LIDOCAINA 1%C/EPINEFRINA AMPOLLA  X 50 ML;3000;15200;;7600;22800000;0;1;;15200;;;;;;1435
367;367;HSAM367;1;LIDOCAINA 1%S/EPINEFRINA AMPOLLA  X 10 ML;3000;13090;;6545;19635000;0;1;;13090;;;;;;1435
368;368;HSAM368;1;LIDOCAINA 10% SPRAY;3000;85310;;42655;127965000;0;1;;85310;;;;;;1435
369;369;HSAM369;1;LIDOCAINA 2% JALEA;3000;14690;;7345;22035000;0;1;;14690;;;;;;1435
370;370;HSAM370;1;LIDOCAINA 2% S/EPINEFRINA AMPOLLA X 50 ML;3000;12510;;6255;18765000;0;1;;12510;;;;;;1435
371;371;HSAM371;1;LIDOCAINA 2%C/EPINEFRINA AMPOLLA X 20 ML;3000;12710;;6355;19065000;0;1;;12710;;;;;;1435
372;372;HSAM372;1;LIDOCAINA 2%S/EPINEFRINA AMPOLLA X 10 ML;3000;950;;475;1425000;0;1;;950;;;;;;1435
373;373;HSAM373;1;LIPIDOS 20% BOLSA;3000;126430;;63215;189645000;0;1;;126430;;;;;;1435
374;374;HSAM374;1;LOPERAMIDA 2MG TABLETA;3000;128;;64;192000;0;1;;128;;;;;;1435
375;375;HSAM375;1;LORATADINA 10MG TABLETA;2819;43;;21.5;60608.5;0;1;;43;;;;;;1435
376;376;HSAM376;1;LORATADINA 5MG/5ML JARABE;2984;2285;;1142.5;3409220;0;1;;2285;;;;;;1435
377;377;HSAM377;1;LORAZEPAM 2MG TABLETA;3000;69;;34.5;103500;0;1;;69;;;;;;1435
378;378;HSAM378;1;LOSARTAN + HIDROCLOROTIAZIDA 100+25 MG TABLETA;3000;653;;326.5;979500;0;1;;653;;;;;;1435
379;379;HSAM379;1;LOSARTAN + HIDROCLOROTIAZIDA 50+12,5MG TABLETA;2940;519;;259.5;762930;0;1;;519;;;;;;1435
380;380;HSAM380;1;LOSARTAN 100MG TABLETA;3000;181;;90.5;271500;0;1;;181;;;;;;1435
381;381;HSAM381;1;LOSARTAN 50MG TABLETA;1600;69;;34.5;55200;0;1;;69;;;;;;1435
382;382;HSAM382;1;LOVASTATINA 20 MG TABLETA;2740;46;;23;63020;0;1;;46;;;;;;1435
383;383;HSAM383;1;MEBENDAZOL 100MG TABLETA;3000;92;;46;138000;0;1;;92;;;;;;1435
384;384;HSAM384;1;MEBENDAZOL 100MG/5ML SUSPENSION;3000;1792;;896;2688000;0;1;;1792;;;;;;1435
385;385;HSAM385;1;MEDROXIPROGESTERONA + ESTRADIOL CIPIONATO 25MG+5MG AMPOLLA;2999;14116;;7058;21166942;0;1;;14116;;;;;;1435
386;386;HSAM386;1;MEDROXIPROGESTERONA 150MG/3ML AMPOLLA;2987;14280;;7140;21327180;0;1;;14280;;;;;;1435
387;387;HSAM387;1;MEDROXIPROGESTERONA 5MG TABLETA;3000;712;;356;1068000;0;1;;712;;;;;;1435
388;388;HSAM388;1;MEGLUMINA DIATRIZOATO 0,6 SOLUCION INYECTABLE;3000;99810;;49905;149715000;0;1;;99810;;;;;;1435
389;389;HSAM389;1;MEROPENEM 1GR/ML AMPOLLA;3000;66180;;33090;99270000;0;1;;66180;;;;;;1435
390;390;HSAM390;1;MEROPENEM 500MG/ML AMPOLLA;3000;51880;;25940;77820000;0;1;;51880;;;;;;1435
391;391;HSAM391;1;MESALAZINA 500 MG ENEMA;3000;134640;;67320;201960000;0;1;;134640;;;;;;1435
392;392;HSAM392;1;MESALAZINA 500MG SUPOSITORIO;3000;24820;;12410;37230000;0;1;;24820;;;;;;1435
393;393;HSAM393;1;MESALAZINA 500MG TABLETA;3000;2528;;1264;3792000;0;1;;2528;;;;;;1435
394;394;HSAM394;1;METFORMINA 850MG TABLETA;2790;95;;47.5;132525;0;1;;95;;;;;;1435
395;395;HSAM395;1;METILPREDNISOLONA 500MG/8ML AMPOLLA;3000;33780;;16890;50670000;0;1;;33780;;;;;;1435
396;396;HSAM396;1;METIMAZOL 5MG TABLETA;3000;368;;184;552000;0;1;;368;;;;;;1435
397;397;HSAM397;1;METOCARBAMOL 750MG TABLETA;2935;190;;95;278825;0;1;;190;;;;;;1435
398;398;HSAM398;1;METOCLOPRAMIDA 10MG TABLETA;2874;36;;18;51732;0;1;;36;;;;;;1435
399;399;HSAM399;1;METOCLOPRAMIDA 10MG/2ML AMPOLLA;3000;750;;375;1125000;0;1;;750;;;;;;1435
400;400;HSAM400;1;METOCLOPRAMIDA 4MG/ML GOTAS ORALES;2999;2446;;1223;3667777;0;1;;2446;;;;;;1435
401;401;HSAM401;1;METOPROLOL 100MG TABLETA;2999;72;;36;107964;0;1;;72;;;;;;1435
402;402;HSAM402;1;METOPROLOL 1MG/1ML AMPOLLA;3000;18960;;9480;28440000;0;1;;18960;;;;;;1435
403;403;HSAM403;1;METOPROLOL 50MG TABLETA;3000;46;;23;69000;0;1;;46;;;;;;1435
404;404;HSAM404;1;METOTREXATO 2.5MG COMPRIMIDO;3000;680;;340;1020000;0;1;;680;;;;;;1435
405;405;HSAM405;1;METOTREXATO 500MG/5ML AMPOLLA;3000;79970;;39985;119955000;0;1;;79970;;;;;;1435
406;406;HSAM406;1;METOXALENO 10MG TABLETA;2997;1149;;574.5;1721776.5;0;1;;1149;;;;;;1435
407;407;HSAM407;1;METRONIDAZOL 125MG/5ML SUSPENSION;3000;5154;;2577;7731000;0;1;;5154;;;;;;1435
408;408;HSAM408;1;METRONIDAZOL 250MG TABLETA;2990;181;;90.5;270595;0;1;;181;;;;;;1435
409;409;HSAM409;1;METRONIDAZOL 250MG/5ML SUSPENSION;2995;3710;;1855;5555725;0;1;;3710;;;;;;1435
410;410;HSAM410;1;METRONIDAZOL 500MG CAPSULA;2999;1395;;697.5;2091802.5;0;1;;1395;;;;;;1435
411;411;HSAM411;1;METRONIDAZOL 500MG OVULO;2941;269;;134.5;395564.5;0;1;;269;;;;;;1435
412;412;HSAM412;1;METRONIDAZOL 500MG TABLETA;2916;105;;52.5;153090;0;1;;105;;;;;;1435
413;413;HSAM413;1;METRONIDAZOL 500MG TABLETA VAGINAL;2938;361;;180.5;530309;0;1;;361;;;;;;1435
414;414;HSAM414;1;METRONIDAZOL 500MG/100ML AMPOLLA;3000;3280;;1640;4920000;0;1;;3280;;;;;;1435
415;415;HSAM415;1;MICOFENOLATO 250MG TABLETA;3000;14257;;7128.5;21385500;0;1;;14257;;;;;;1435
416;416;HSAM416;1;MICOFENOLATO 360MG TABLETA;3000;23370;;11685;35055000;0;1;;23370;;;;;;1435
417;417;HSAM417;1;MICOFENOLATO 500MG TABLETA;3000;28518;;14259;42777000;0;1;;28518;;;;;;1435
418;418;HSAM418;1;MIDAZOLAM 5MG/5ML AMPOLLA;3000;4060;;2030;6090000;0;1;;4060;;;;;;1435
419;419;HSAM419;1;MIDAZOLAM 7.5 MG TABLETA;3000;1330;;665;1995000;0;1;;1330;;;;;;1435
420;420;HSAM420;1;MILRINONA LACTATE 10MG/10ML AMPOLLA;3000;227500;;113750;341250000;0;1;;227500;;;;;;1435
421;421;HSAM421;1;MINOXIDIL 10MG TABLETA;3000;1018;;509;1527000;0;1;;1018;;;;;;1435
422;422;HSAM422;1;MULTIVITAMINAS ADULTO-BRA5729;3000;99610;;49805;149415000;0;1;;99610;;;;;;1435
423;423;HSAM423;1;MULTIVITAMINAS PEDIATRICAS-6461;3000;99610;;49805;149415000;0;1;;99610;;;;;;1435
424;424;HSAM424;1;NAPROXENO 150MG/5ML SUSPENSION;2990;3568;;1784;5334160;0;1;;3568;;;;;;1435
425;425;HSAM425;1;NAPROXENO 250MG CAPSULA;2979;190;;95;283005;0;1;;190;;;;;;1435
426;426;HSAM426;1;NELFINAVIR 250MG TABLETA;2985;3122;;1561;4659585;0;1;;3122;;;;;;1435
427;427;HSAM427;1;NEOMICINA + COLISTINA + HIDROCORTISONA GOTAS OTICAS;3000;10833;;5416.5;16249500;0;1;;10833;;;;;;1435
428;428;HSAM428;1;NEOMICINA + POLIMICINA + BETAMETASONA GOTAS OTICAS;3000;12475;;6237.5;18712500;0;1;;12475;;;;;;1435
429;429;HSAM429;1;NEOSTIGMINA 0.5MG/1ML AMPOLLA;3000;1510;;755;2265000;0;1;;1510;;;;;;1435
430;430;HSAM430;1;NEVIRAPINA 200MG TABLETA;3000;1510;;755;2265000;0;1;;1510;;;;;;1435
431;431;HSAM431;1;NEVIRAPINA 50 MG/5ML SUSPENSION;3000;64869;;32434.5;97303500;0;1;;64869;;;;;;1435
432;432;HSAM432;1;NIFEDIPINO RETARD 30MG CAPSULA;3000;315;;157.5;472500;0;1;;315;;;;;;1435
433;433;HSAM433;1;NIMODIPINO 30MG TABLETA;3000;161;;80.5;241500;0;1;;161;;;;;;1435
434;434;HSAM434;1;NISTATINA + OXIDO DE ZINC 100.000U.I.+200MG CREMA TOPICA;3000;8207;;4103.5;12310500;0;1;;8207;;;;;;1435
435;435;HSAM435;1;NISTATINA 100.000U.I OVULO;3000;1458;;729;2187000;0;1;;1458;;;;;;1435
436;436;HSAM436;1;NISTATINA 100.000U.I. TABLETA VAGINAL;3000;896;;448;1344000;0;1;;896;;;;;;1435
437;437;HSAM437;1;NISTATINA 100.000U.I./ML SUSPENSION;3000;4563;;2281.5;6844500;0;1;;4563;;;;;;1435
438;438;HSAM438;1;NISTATINA 500.000U.I TABLETA;3000;739;;369.5;1108500;0;1;;739;;;;;;1435
439;439;HSAM439;1;"NITAZOXANIDA 100MG/5ML SUSPENSION
";3000;14609;;7304.5;21913500;0;1;;14609;;;;;;1435
440;440;HSAM440;1;NITAZOXANIDA 500MG TABLETA;3000;2081;;1040.5;3121500;0;1;;2081;;;;;;1435
441;441;HSAM441;1;NITROFURANTOINA 100 MG CAPSULA;2960;492;;246;728160;0;1;;492;;;;;;1435
442;442;HSAM442;1;NITROFURANTOINA 100MG TABLETA;2945;286;;143;421135;0;1;;286;;;;;;1435
443;443;HSAM443;1;NITROFURANTOINA 50MG CAPSULA;3000;345;;172.5;517500;0;1;;345;;;;;;1435
444;444;HSAM444;1;NITROFURANTOINA 50MG TABLETA;3000;345;;172.5;517500;0;1;;345;;;;;;1435
445;445;HSAM445;1;NITROGLICERINA 50MG/10ML AMPOLLA;3000;12060;;6030;18090000;0;1;;12060;;;;;;1435
446;446;HSAM446;1;NITROPRUSIATO 50MG AMPOLLA;3000;33300;;16650;49950000;0;1;;33300;;;;;;1435
447;447;HSAM447;1;NOREPINEFRINA 4MG/4ML AMPOLLA;3000;7550;;3775;11325000;0;1;;7550;;;;;;1435
448;448;HSAM448;1;NORFLOXACINO 400MG TABLETA;3000;204;;102;306000;0;1;;204;;;;;;1435
449;449;HSAM449;1;OCTREOTIDA 1MG/5ML AMPOLLA;3000;176830;;88415;265245000;0;1;;176830;;;;;;1435
450;450;HSAM450;1;OLANZAPINA 10MG TABLETA;3000;748;;374;1122000;0;1;;748;;;;;;1435
451;451;HSAM451;1;OLANZAPINA 5MG TABLETA;3000;673;;336.5;1009500;0;1;;673;;;;;;1435
452;452;HSAM452;1;OMEPRAZOL 20MG CAPSULA;2190;89;;44.5;97455;0;1;;89;;;;;;1435
453;453;HSAM453;1;OMEPRAZOL 40MG AMPOLLA;3000;8270;;4135;12405000;0;1;;8270;;;;;;1435
454;454;HSAM454;1;ONDANSETRON 8MG TABLETA;3000;2626;;1313;3939000;0;1;;2626;;;;;;1435
455;455;HSAM455;1;ONDANSETRON 8MG/4ML AMPOLLA;3000;3280;;1640;4920000;0;1;;3280;;;;;;1435
456;456;HSAM456;1;OSMORIN MANITOL 20% BOLSA-ARD5633;3000;32950;;16475;49425000;0;1;;32950;;;;;;1435
457;457;HSAM457;1;OXACILINA (SAL SODICA) 1GR AMPOLLA;3000;2480;;1240;3720000;0;1;;2480;;;;;;1435
458;458;HSAM458;1;OXCARBAMAZEPINA 600MG TABLETA;3000;3545;;1772.5;5317500;0;1;;3545;;;;;;1435
459;459;HSAM459;1;OXICODONA 10MG COMPRIMIDO;3000;8338;;4169;12507000;0;1;;8338;;;;;;1435
460;460;HSAM460;1;OXICODONA 10MG TABLETA;3000;8207;;4103.5;12310500;0;1;;8207;;;;;;1435
461;461;HSAM461;1;OXICODONA 20MG COMPRIMIDO;3000;9455;;4727.5;14182500;0;1;;9455;;;;;;1435
462;462;HSAM462;1;OXICODONA 20MG TABLETA;3000;9455;;4727.5;14182500;0;1;;9455;;;;;;1435
463;463;HSAM463;1;OXICODONA 40MG COMPRIMIDO;3000;12695;;6347.5;19042500;0;1;;12695;;;;;;1435
464;464;HSAM464;1;OXICODONA 40MG TABLETA;3000;12639;;6319.5;18958500;0;1;;12639;;;;;;1435
465;465;HSAM465;1;OXIMETAZOLINA 0.025% SOLUCION NASAL;3000;3580;;1790;5370000;0;1;;3580;;;;;;1435
466;466;HSAM466;1;OXIMETAZOLINA 0.05% SOLUCION NASAL;3000;3580;;1790;5370000;0;1;;3580;;;;;;1435
467;467;HSAM467;1;OXITOCINA 10U.I/1ML AMPOLLA;3000;3410;;1705;5115000;0;1;;3410;;;;;;1435
468;468;HSAM468;1;PACLITAXEL 100MG/16,7ML VIAL;3000;177273;;88636.5;265909500;0;1;;177273;;;;;;1435
469;469;HSAM469;1;PACLITAXEL 300MG/5ML VIAL;3000;541286;;270643;811929000;0;1;;541286;;;;;;1435
470;470;HSAM470;1;PACLITAXEL 30MG/5ML VIAL;3000;64015;;32007.5;96022500;0;1;;64015;;;;;;1435
471;471;HSAM471;1;PACLITAXEL 6MG/5ML VIAL;3000;93810;;46905;140715000;0;1;;93810;;;;;;1435
472;472;HSAM472;1;PAMOATO PIRANTEL 250MG CAPSULA;3000;5840;;2920;8760000;0;1;;5840;;;;;;1435
473;473;HSAM473;1;PAMOATO PIRANTEL 250MG TABLETA;3000;335;;167.5;502500;0;1;;335;;;;;;1435
474;474;HSAM474;1;PAMOATO PIRANTEL 250MG/5ML SUSPENSION;2917;2173;;1086.5;3169320.5;0;1;;2173;;;;;;1435
475;475;HSAM475;1;PANCURIO BROMURO 4MG;3000;13240;;6620;19860000;0;1;;13240;;;;;;1435
476;476;HSAM476;1;PEGFILGRASTIN 6MG/0.6ML AMPOLLA;3000;4978520;;2489260;7467780000;0;1;;4978520;;;;;;1435
477;477;HSAM477;1;PENICILINA G BENZATINICA 1.200.000U.I. AMPOLLA;2998;2120;;1060;3177880;0;1;;2120;;;;;;1435
478;478;HSAM478;1;PENICILINA G BENZATINICA 2.400.000U.I AMPOLLA;2998;2760;;1380;4137240;0;1;;2760;;;;;;1435
479;479;HSAM479;1;PENICILINA G PROCAINICA 400.000UI AMPOLLA;3000;2320;;1160;3480000;0;1;;2320;;;;;;1435
480;480;HSAM480;1;PENICILINA G PROCAINICA 800.000UI AMPOLLA;3000;1960;;980;2940000;0;1;;1960;;;;;;1435
481;481;HSAM481;1;PENICILINA G SODICA 1.000.000U.I. AMPOLLA;3000;1930;;965;2895000;0;1;;1930;;;;;;1435
482;482;HSAM482;1;PENICILINA G SODICA 5.000.000U.I. AMPOLLA;3000;3140;;1570;4710000;0;1;;3140;;;;;;1435
483;483;HSAM483;1;PILOCARPINA CLORHIDRATO 2% SOLUCION OFTALMICA;3000;66220;;33110;99330000;0;1;;66220;;;;;;1435
484;484;HSAM484;1;PIPERACILINA + TAZOBACTAM 4MG/0.5GR AMPOLLA;3000;25230;;12615;37845000;0;1;;25230;;;;;;1435
485;485;HSAM485;1;PIPERAZINA 1GR/5ML JARABE;3000;3923;;1961.5;5884500;0;1;;3923;;;;;;1435
486;486;HSAM486;1;PIPOTIAZINA 25MG/1ML AMPOLLA;3000;22410;;11205;33615000;0;1;;22410;;;;;;1435
487;487;HSAM487;1;PIRIDOXINA 50MG CAPSULA;3000;525;;262.5;787500;0;1;;525;;;;;;1435
488;488;HSAM488;1;PIRIDOXINA 50MG TABLETA;3000;213;;106.5;319500;0;1;;213;;;;;;1435
489;489;HSAM489;1;PIRIMETAMINA + SULFADOXINA 25MG+500MG TABLETA;3000;9409;;4704.5;14113500;0;1;;9409;;;;;;1435
490;490;HSAM490;1;PODOFILINA 20% SOLUCION TOPICA;3000;26098;;13049;39147000;0;1;;26098;;;;;;1435
491;491;HSAM491;1;PRAZOSINA 1MG TABLETA;3000;79;;39.5;118500;0;1;;79;;;;;;1435
492;492;HSAM492;1;PREDNISOLONA + FENILEFRINA 1%+0.12% GOTAS;3000;35701;;17850.5;53551500;0;1;;35701;;;;;;1435
493;493;HSAM493;1;"PREDNISOLONA 0.5% GOTAS OFTALMICAS
";3000;21010;;10505;31515000;0;1;;21010;;;;;;1435
494;494;HSAM494;1;PREDNISOLONA 5MG TABLETA;3000;76;;38;114000;0;1;;76;;;;;;1435
495;495;HSAM495;1;PREDNISONA 50MG TABLETA;3000;1641;;820.5;2461500;0;1;;1641;;;;;;1435
496;496;HSAM496;1;PROGESTERONA MICRONIZADA 100MG CAPSULA;3000;6168;;3084;9252000;0;1;;6168;;;;;;1435
497;497;HSAM497;1;PROPILTIURACILO 50MG TABLETA;3000;1290;;645;1935000;0;1;;1290;;;;;;1435
498;498;HSAM498;1;PROPOFOL 200MG/20ML AMPOLLA;3000;16890;;8445;25335000;0;1;;16890;;;;;;1435
499;499;HSAM499;1;PROPRANOLOL 40MG TABLETA;3000;39;;19.5;58500;0;1;;39;;;;;;1435
500;500;HSAM500;1;PROPRANOLOL 80MG TABLETA;3000;59;;29.5;88500;0;1;;59;;;;;;1435
501;501;HSAM501;1;QUETIAPINA 25MG TABLETA;3000;788;;394;1182000;0;1;;788;;;;;;1435
502;502;HSAM502;1;QUETIAPINA 400MG TABLETA;3000;24234;;12117;36351000;0;1;;24234;;;;;;1435
503;503;HSAM503;1;QUETIAPINA 50MG TABLETA;3000;9330;;4665;13995000;0;1;;9330;;;;;;1435
504;504;HSAM504;1;RANITIDINA 150MG TABLETA;3000;108;;54;162000;0;1;;108;;;;;;1435
505;505;HSAM505;1;RANITIDINA 300MG TABLETA;3000;161;;80.5;241500;0;1;;161;;;;;;1435
506;506;HSAM506;1;RANITIDINA 50MG/2ML AMPOLLA;2998;1550;;775;2323450;0;1;;1550;;;;;;1435
507;507;HSAM507;1;RIFAMICINA 0,01 SOLUCION SPRAY;3000;20310;;10155;30465000;0;1;;20310;;;;;;1435
508;508;HSAM508;1;RIFAMPICINA 300MG CAPSULA;3000;854;;427;1281000;0;1;;854;;;;;;1435
509;509;HSAM509;1;RISPERIDONA 1MG TABLETA;3000;591;;295.5;886500;0;1;;591;;;;;;1435
510;510;HSAM510;1;RISPERIDONA 25MG AMPOLLA;3000;908780;;454390;1363170000;0;1;;908780;;;;;;1435
511;511;HSAM511;1;RISPERIDONA 2MG TABLETA;3000;591;;295.5;886500;0;1;;591;;;;;;1435
512;512;HSAM512;1;RISPERIDONA 37.5MG AMPOLLA;3000;1363170;;681585;2044755000;0;1;;1363170;;;;;;1435
513;513;HSAM513;1;RISPERIDONA 3MG TABLETA;3000;1051;;525.5;1576500;0;1;;1051;;;;;;1435
514;514;HSAM514;1;RITONAVIR + LOPINAVIR 100MG+25MG TABLETA;3000;2676;;1338;4014000;0;1;;2676;;;;;;1435
515;515;HSAM515;1;RITONAVIR + LOPINAVIR 20MG+80MG SUSPENSION;3000;342609;;171304.5;513913500;0;1;;342609;;;;;;1435
516;516;HSAM516;1;RITONAVIR + LOPINAVIR 50MG+200MG TABLETA;3000;5354;;2677;8031000;0;1;;5354;;;;;;1435
517;517;HSAM517;1;RITONAVIR 100MG TABLETA;4000;3772;;1886;7544000;0;1;;3772;;;;;;1435
518;518;HSAM518;1;RITUXIMAB 100MG AMPOLLA;3000;3571220;;1785610;5356830000;0;1;;3571220;;;;;;1435
519;519;HSAM519;1;RITUXIMAB 500MG AMPOLLA;3000;17856080;;8928040;26784120000;0;1;;17856080;;;;;;1435
520;520;HSAM520;1;RIVAROXABAN 15MG COMPRIMIDO;3000;19815;;9907.5;29722500;0;1;;19815;;;;;;1435
521;521;HSAM521;1;RIVASTIGMINA 18MG PARCHE;3000;48714;;24357;73071000;0;1;;48714;;;;;;1435
522;522;HSAM522;1;RONCUNORIO BROMURO AMPOLLA;3000;65150;;32575;97725000;0;1;;65150;;;;;;1435
523;523;HSAM523;1;ROSUVASTATINA 10MG TABLETA;3000;2987;;1493.5;4480500;0;1;;2987;;;;;;1435
524;524;HSAM524;1;ROSUVASTATINA 20MG TABLETA;3000;1993;;996.5;2989500;0;1;;1993;;;;;;1435
525;525;HSAM525;1;SALBUTAMOL 100 MCG/DOSIS  INHALADOR HFA;2996;9960;;4980;14920080;0;1;;9960;;;;;;1435
526;526;HSAM526;1;SALBUTAMOL 2MG/5ML JARABE;3000;2373;;1186.5;3559500;0;1;;2373;;;;;;1435
527;527;HSAM527;1;SALBUTAMOL 4MG TABLETA;3000;76;;38;114000;0;1;;76;;;;;;1435
528;528;HSAM528;1;SALBUTAMOL 5MG SOLUCION NEBULIZAR;3000;22510;;11255;33765000;0;1;;22510;;;;;;1435
529;529;HSAM529;1;SALES DE REHIDRATACION  ORAL 20.5GR SOBRE;2996;720;;360;1078560;0;1;;720;;;;;;1435
530;530;HSAM530;1;SALMETEROL + FLUTICASONA 25MCG/250MCG INHALADOR;3000;110300;;55150;165450000;0;1;;110300;;;;;;1435
531;531;HSAM531;1;"SECNIDAZOL 1GR TABLETA
";3000;840;;420;1260000;0;1;;840;;;;;;1435
532;532;HSAM532;1;"SECNIDAZOL 500MG/15ML SUSPENSION
";3000;3194;;1597;4791000;0;1;;3194;;;;;;1435
533;533;HSAM533;1;SERTRALINA 100MG TABLETA;3000;358;;179;537000;0;1;;358;;;;;;1435
534;534;HSAM534;1;SERTRALINA 50MG TABLETA;3000;272;;136;408000;0;1;;272;;;;;;1435
535;535;HSAM535;1;SEVELAMER CLORHIDRATO 800MG COMPRIMIDO;3000;7583;;3791.5;11374500;0;1;;7583;;;;;;1435
536;536;HSAM536;1;SOLUCION LACTATO DE RINGER;3000;5200;;2600;7800000;0;1;;5200;;;;;;1435
537;537;HSAM537;1;SOLUCION SALINA 0.9% BOLSA X 1000ML-ARB1324;3000;9430;;4715;14145000;0;1;;9430;;;;;;1435
538;538;HSAM538;1;SOLUCION SALINA 0.9% BOLSA X 100ML-ARB1302;3000;5100;;2550;7650000;0;1;;5100;;;;;;1435
539;539;HSAM539;1;SOLUCION SALINA 0.9% BOLSA X 250ML-ARB1322;3000;5100;;2550;7650000;0;1;;5100;;;;;;1435
540;540;HSAM540;1;SOLUCION SALINA 0.9% BOLSA X 25ML-ARB1300;3000;5100;;2550;7650000;0;1;;5100;;;;;;1435
541;541;HSAM541;1;SOLUCION SALINA 0.9% BOLSA X 500ML;3000;5650;;2825;8475000;0;1;;5650;;;;;;1435
542;542;HSAM542;1;SOLUCION SALINA 0.9% BOLSAX50ML-ARB1301;3000;4360;;2180;6540000;0;1;;4360;;;;;;1435
543;543;HSAM543;1;SOMATOSTATINA 15MG AMPOLLA;3000;510966;;255483;766449000;0;1;;510966;;;;;;1435
544;544;HSAM544;1;"SOMATOSTATINA 30MG AMPOLLA
";3000;1021931;;510965.5;1532896500;0;1;;1021931;;;;;;1435
545;545;HSAM545;1;SOMATOSTATINA 3MG AMPOLLA;3000;558869;;279434.5;838303500;0;1;;558869;;;;;;1435
546;546;HSAM546;1;SUCCINILCOLINA CLORURO;3000;59910;;29955;89865000;0;1;;59910;;;;;;1435
547;547;HSAM547;1;SUCRALFATO 1GR TABLETA;3000;233;;116.5;349500;0;1;;233;;;;;;1435
548;548;HSAM548;1;SULFACETAMIDA SODICA 10% SOLUCION OFTALMICA;3000;5500;;2750;8250000;0;1;;5500;;;;;;1435
549;549;HSAM549;1;SULFACETAMIDA SODICA 30% SOLUCION OFTALMICA;3000;8430;;4215;12645000;0;1;;8430;;;;;;1435
550;550;HSAM550;1;SULFADIAZINA DE PLATA 1% CREMA;3000;4921;;2460.5;7381500;0;1;;4921;;;;;;1435
551;551;HSAM551;1;SULFASALAZINA 500MG GRAGEA;3000;407;;203.5;610500;0;1;;407;;;;;;1435
552;552;HSAM552;1;SULFATO DE MAGNESIO 20% AMPOLLA;3000;860;;430;1290000;0;1;;860;;;;;;1435
553;553;HSAM553;1;SULFATO FERROSO 100MG TABLETA;2850;92;;46;131100;0;1;;92;;;;;;1435
554;554;HSAM554;1;SULFATO FERROSO 2.5% JARABE;2995;2784;;1392;4169040;0;1;;2784;;;;;;1435
555;555;HSAM555;1;SULFATO FERROSO 200MG GRAGEA;2640;79;;39.5;104280;0;1;;79;;;;;;1435
556;556;HSAM556;1;SULFATO FERROSO 300MG TABLETA;1920;89;;44.5;85440;0;1;;89;;;;;;1435
557;557;HSAM557;1;SULTAMICILINA 375MG TABLETA;3000;1277;;638.5;1915500;0;1;;1277;;;;;;1435
558;558;HSAM558;1;SURFACTANTE PULMONAR 25MG/4ML SUSPENSION;3000;2687996;;1343998;4031994000;0;1;;2687996;;;;;;1435
559;559;HSAM559;1;SURFACTANTE PULMONAR NATURAL 54MG VIAL;3000;1964773;;982386.5;2947159500;0;1;;1964773;;;;;;1435
560;560;HSAM560;1;SUSTITUTO DE PLASMA;3000;54167;;27083.5;81250500;0;1;;54167;;;;;;1435
561;561;HSAM561;1;TALIDOMIDA 100MG COMPRIMIDO;3000;35491;;17745.5;53236500;0;1;;35491;;;;;;1435
562;562;HSAM562;1;TAMOXIFENO 10MG COMPRIMIDO;3000;932;;466;1398000;0;1;;932;;;;;;1435
563;563;HSAM563;1;TAMOXIFENO 20MG COMPRIMIDO;3000;617;;308.5;925500;0;1;;617;;;;;;1435
564;564;HSAM564;1;TEOFILINA 80MG SUSPENSION;3000;5975;;2987.5;8962500;0;1;;5975;;;;;;1435
565;565;HSAM565;1;TEOFILINA RETARD 125MG CAPSULA;3000;404;;202;606000;0;1;;404;;;;;;1435
566;566;HSAM566;1;TEOFILINA RETARD 300MG CAPSULA;3000;391;;195.5;586500;0;1;;391;;;;;;1435
567;567;HSAM567;1;TERBUTALINA 0,01 SOLUCION NEBULIZAR;3000;3430;;1715;5145000;0;1;;3430;;;;;;1435
568;568;HSAM568;1;TERBUTALINA 0.3MG/5ML SUSPENSION;3000;7564;;3782;11346000;0;1;;7564;;;;;;1435
569;569;HSAM569;1;TERBUTALINA 0.5MG/ML AMPOLLA;3000;1440;;720;2160000;0;1;;1440;;;;;;1435
570;570;HSAM570;1;TERBUTALINA SULFATO 2.5MG TABLETA;3000;368;;184;552000;0;1;;368;;;;;;1435
571;571;HSAM571;1;TESTOSTERONA 250MG AMPOLLA;3000;38430;;19215;57645000;0;1;;38430;;;;;;1435
572;572;HSAM572;1;TETRACICLINA 500MG TABLETA;3000;249;;124.5;373500;0;1;;249;;;;;;1435
573;573;HSAM573;1;TIAMINA 1GR AMPOLLA;3000;10340;;5170;15510000;0;1;;10340;;;;;;1435
574;574;HSAM574;1;TIAMINA 300MG CAPSULA;2910;174;;87;253170;0;1;;174;;;;;;1435
575;575;HSAM575;1;TIMOLOL 0.5% GOTAS OFTALMICAS;3000;3677;;1838.5;5515500;0;1;;3677;;;;;;1435
576;576;HSAM576;1;TINIDAZOL 200MG/ML SUSPENSION;3000;2134;;1067;3201000;0;1;;2134;;;;;;1435
577;577;HSAM577;1;TINIDAZOL 500MG TABLETA;3000;118;;59;177000;0;1;;118;;;;;;1435
578;578;HSAM578;1;TIOPENTAL 1GR AMPOLLA;3000;24480;;12240;36720000;0;1;;24480;;;;;;1435
579;579;HSAM579;1;TIRAS DE GLUCOMETRIA CONTOUR;3000;2050;;1025;3075000;0;1;;2050;;;;;;1435
580;580;HSAM580;1;TOXOIDE TETANICO 0.5ML AMPOLLA;3000;16110;;8055;24165000;0;1;;16110;;;;;;1435
581;581;HSAM581;1;TRAMADOL 10% GOTAS;3000;2856;;1428;4284000;0;1;;2856;;;;;;1435
582;582;HSAM582;1;TRAMADOL 100MG/2ML AMPOLLA;3000;1090;;545;1635000;0;1;;1090;;;;;;1435
583;583;HSAM583;1;TRAMADOL 50MG/2ML AMPOLLA;3000;1010;;505;1515000;0;1;;1010;;;;;;1435
584;584;HSAM584;1;TRASTUZUMAB 440 MG/50 ML;3000;21140490;;10570245;31710735000;0;1;;21140490;;;;;;1435
585;585;HSAM585;1;TRAZADONA 50 MG TABLETA;3000;181;;90.5;271500;0;1;;181;;;;;;1435
586;586;HSAM586;1;TRIMETOPRIM SULFA 160/800MG TABLETA;3000;207;;103.5;310500;0;1;;207;;;;;;1435
587;587;HSAM587;1;TRIMETOPRIM SULFA 40/200MG SUSPENSION;3000;2902;;1451;4353000;0;1;;2902;;;;;;1435
588;588;HSAM588;1;TRIMETOPRIM SULFA 80/400MG AMPOLLA;3000;27950;;13975;41925000;0;1;;27950;;;;;;1435
589;589;HSAM589;1;TRIMETOPRIM SULFA 80/400MG SUSPENSION;3000;4117;;2058.5;6175500;0;1;;4117;;;;;;1435
590;590;HSAM590;1;TRIMETOPRIM SULFA 80/400MG TABLETA;3000;112;;56;168000;0;1;;112;;;;;;1435
591;591;HSAM591;1;TROPICAMINA 10MG GOTAS OFTALMICAS;3000;37099;;18549.5;55648500;0;1;;37099;;;;;;1435
592;592;HSAM592;1;VALERATO DE ESTRADIOL + NORGESTREL 2MG+0,5MG GRAGEA;3000;2840;;1420;4260000;0;1;;2840;;;;;;1435
593;593;HSAM593;1;VANCOMICINA 500MG/10ML AMPOLLA;3000;12820;;6410;19230000;0;1;;12820;;;;;;1435
594;594;HSAM594;1;VERAPAMILO 120MG TABLETA;2760;118;;59;162840;0;1;;118;;;;;;1435
595;595;HSAM595;1;VERAPAMILO 80MG TABLETA;3000;92;;46;138000;0;1;;92;;;;;;1435
596;596;HSAM596;1;VINBLASTINA 10MG/10 ML AMPOLLA;3000;59030;;29515;88545000;0;1;;59030;;;;;;1435
597;597;HSAM597;1;VINCRISTINA 1MG AMPOLLA;3000;26540;;13270;39810000;0;1;;26540;;;;;;1435
598;598;HSAM598;1;VITAMINA A 50.000UI CAPSULA;3000;207;;103.5;310500;0;1;;207;;;;;;1435
599;599;HSAM599;1;VITAMINA B 121.000MCG/1ML AMPOLLA;3000;1650;;825;2475000;0;1;;1650;;;;;;1435
600;600;HSAM600;1;VITAMINA K 10MG/1ML AMPOLLA;3000;1290;;645;1935000;0;1;;1290;;;;;;1435
601;601;HSAM601;1;WARFARINA SODICA 5MG TABLETA;3000;309;;154.5;463500;0;1;;309;;;;;;1435
602;602;HSAM602;1;YODOPOVIDONA 10% SOLUCION TOPICA;3000;4270;;2135;6405000;0;1;;4270;;;;;;1435
603;603;HSAM603;1;"ZIDOVUDINA 100MG CAPSULA
";3000;1477;;738.5;2215500;0;1;;1477;;;;;;1435
604;604;HSAM604;1;ZIDOVUDINA 10MG/1ML JARABE;3000;160859;;80429.5;241288500;0;1;;160859;;;;;;1435
605;605;HSAM605;1;ZIDOVUDINA 300MG TABLETA;3000;1884;;942;2826000;0;1;;1884;;;;;;1435
606;606;HSAM606;1;"ALGODON LAMINADO 3"" x 4 yd SUPERTEX";3000;2480;;1240;3720000;0;1;;2480;;;;;;1435
607;607;HSAM607;1;"ALGODON LAMINADO 4"" x 4 yd SUPERTEX";3000;5150;;2575;7725000;0;1;;5150;;;;;;1435
608;608;HSAM608;1;"ALGODON LAMINADO 5"" x 4 yd SUPERTEX";3000;3050;;1525;4575000;0;1;;3050;;;;;;1435
609;609;HSAM609;1; CATGUT CROMADO 811T # 0/0 CT1 x 70 CM Cierre Gral. ;3000;0;;0;0;0;1;;0;;;;;;1435
610;610;HSAM610;1; CATGUT CROMADO 812T # 1/0 CT1 x 70 CM Cierre Gral. ;3000;0;;0;0;0;1;;0;;;;;;1435
611;611;HSAM611;1; CATGUT CROMADO 813T # 2/0 CT1 x 70 CM Cierre Gral. ;3000;0;;0;0;0;1;;0;;;;;;1435
612;612;HSAM612;1; CATGUT CROMADO 814T # 3/0 CT1 x 70 CM Cierre Gral. ;3000;0;;0;0;0;1;;0;;;;;;1435
613;613;HSAM613;1; CATGUT CROMADO 815T # 4/0 CT1 x 70 CM Cierre Gral. ;2999;0;;0;0;0;1;;0;;;;;;1435
614;614;HSAM614;1; CATGUT CROMADO 923T # 0/0 CT1 x 90 CM Ginecolog;3000;0;;0;0;0;1;;0;;;;;;1435
615;615;HSAM615;1; CATGUT CROMADO 924T # 1/0 CT1 x 90 CM Ginecolog;3000;0;;0;0;0;1;;0;;;;;;1435
616;616;HSAM616;1; CATGUT CROMADO 925T # 2/0 CT1 x 90 CM Ginecolog;3000;0;;0;0;0;1;;0;;;;;;1435
617;617;HSAM617;1; CATGUT CROMADO 926T # 3/0 CT1 x 90 CM Ginecolog;3000;0;;0;0;0;1;;0;;;;;;1435
618;618;HSAM618;1; CATGUT CROMADO 927T # 4/0 CT1 x 90 CM Ginecolog;3000;0;;0;0;0;1;;0;;;;;;1435
619;619;HSAM619;1; HOJAS BISTURI # 11 NUBENCO ;3000;0;;0;0;0;1;;0;;;;;;1435
620;620;HSAM620;1; HOJAS BISTURI # 12 NUBENCO ;3000;0;;0;0;0;1;;0;;;;;;1435
621;621;HSAM621;1; HOJAS BISTURI # 20 NUBENCO ;3000;0;;0;0;0;1;;0;;;;;;1435
622;622;HSAM622;1; HOJAS BISTURI # 21 NUBENCO ;3000;0;;0;0;0;1;;0;;;;;;1435
623;623;HSAM623;1; HOJAS BISTURI # 22 NUBENCO ;3000;0;;0;0;0;1;;0;;;;;;1435
624;624;HSAM624;1; HOJAS BISTURI # 23 NUBENCO ;3000;0;;0;0;0;1;;0;;;;;;1435
625;625;HSAM625;1; HOJAS BISTURI # 24 NUBENCO ;3000;0;;0;0;0;1;;0;;;;;;1435
626;626;HSAM626;1; SEDA PERMAHAND 180T # 4/0 SC26 x 45 CM Cuticular-C.piel ;3000;0;;0;0;0;1;;0;;;;;;1435
627;627;HSAM627;1; SEDA PERMAHAND 182T # 5/0 SC20 x 45 CM Cuticular-C.piel ;3000;0;;0;0;0;1;;0;;;;;;1435
628;628;HSAM628;1; SEDA PERMAHAND 184T # 3/0 SC24 x 45 CM Cuticular-C.piel ;3000;0;;0;0;0;1;;0;;;;;;1435
629;629;HSAM629;1; SEDA PERMAHAND 185T # 2/0 SC26 x 45 CM Cuticular-C.piel ;3000;0;;0;0;0;1;;0;;;;;;1435
630;630;HSAM630;1; SEDA PERMAHAND 189T # 1/0 SC26 x 45 CM Cuticular-C.piel ;3000;0;;0;0;0;1;;0;;;;;;1435
631;631;HSAM631;1; SEDA PERMAHAND K834H # 0 SH x 75 CM Cuticular-C.piel;3000;0;;0;0;0;1;;0;;;;;;1435
632;632;HSAM632;1;AGUA DESTILADA X 500ML QUIBIi;3000;0;;0;0;0;1;;0;;;;;;1435
633;633;HSAM633;1;ANGIOCATH O CATETER # 14;2998;7560;;3780;11332440;0;1;;7560;;;;;;1435
634;634;HSAM634;1;AGUA OXIGENADA JGB X 500 ML;3000;0;;0;0;0;1;;0;;;;;;1435
635;635;HSAM635;1;AGUJA HIPODERMICA  23G (PEDI;3000;0;;0;0;0;1;;0;;;;;;1435
636;636;HSAM636;1;ALCOHOL GAL;3000;0;;0;0;0;1;;0;;;;;;1435
637;637;HSAM637;1;ANGIOCATH O CATETER # 16;3000;3150;;1575;4725000;0;1;;3150;;;;;;1435
638;638;HSAM638;1;ANGIOCATH O CATETER #18 ;3000;3150;;1575;4725000;0;1;;3150;;;;;;1435
639;639;HSAM639;1;ANGIOCATH O CATETER #20 ;3000;3260;;1630;4890000;0;1;;3260;;;;;;1435
640;640;HSAM640;1;ANGIOCATH O CATETER #22 ;3000;3050;;1525;4575000;0;1;;3050;;;;;;1435
641;641;HSAM641;1;ANGIOCATH O CATETER #24 ;3000;3050;;1525;4575000;0;1;;3050;;;;;;1435
642;642;HSAM642;1;APLICADORES CON ALGOD;3000;0;;0;0;0;1;;0;;;;;;1435
643;643;HSAM643;1;BACTRODERM SOLUCION X 3.5 LT;3000;0;;0;0;0;1;;0;;;;;;1435
644;644;HSAM644;1;BURETA CELULOSA (BURETROL);3000;5150;;2575;7725000;0;1;;5150;;;;;;1435
645;645;HSAM645;1;CAJA DE BISTUR;3000;0;;0;0;0;1;;0;;;;;;1435
646;646;HSAM646;1;CANULA NASAL NEONATAL;3000;2730;;1365;4095000;0;1;;2730;;;;;;1435
647;647;HSAM647;1;VENDA GASA 3X5;3000;2310;;1155;3465000;0;1;;2310;;;;;;1435
648;648;HSAM648;1;CANULA OXIGENO ADULTO ALLMED;3000;3050;;1525;4575000;0;1;;3050;;;;;;1435
649;649;HSAM649;1;CANULA OXIGENO PEDIATRICA ALLMED;3000;3150;;1575;4725000;0;1;;3150;;;;;;1435
650;650;HSAM650;1;SONDA LEVIN #12 MEDITEC;3000;0;;0;0;0;1;;0;;;;;;1435
651;651;HSAM651;1;SONDA LEVIN #14 MEDITEC;3000;0;;0;0;0;1;;0;;;;;;1435
652;652;HSAM652;1;SONDA NELATON #12 MEDITEC;3000;0;;0;0;0;1;;0;;;;;;1435
653;653;HSAM653;1;SONDA NELATON #14 MEDITEC;3000;0;;0;0;0;1;;0;;;;;;1435
654;654;HSAM654;1;SONDA NELATON #16 MEDITEC;3000;0;;0;0;0;1;;0;;;;;;1435
655;655;HSAM655;1;CINTA TESTIGO O DE ESTERILIZAR;3000;0;;0;0;0;1;;0;;;;;;1435
656;656;HSAM656;1;CLAN UMBILICAL;3000;0;;0;0;0;1;;0;;;;;;1435
657;657;HSAM657;1;INMOVILIZADOR CLAVICULA TALLA L;3000;38640;;19320;57960000;0;1;;38640;;;;;;1435
658;658;HSAM658;1;COMPRESA STERIL 45 x 45 CM x 4 PLIEGUES x 5 UND GHC CON RADIO OPACO;3000;0;;0;0;0;1;;0;;;;;;1435
659;659;HSAM659;1;CONDON TULIP X 3 UND;3000;0;;0;0;0;1;;0;;;;;;1435
660;660;HSAM660;1;DEXTROSA 5% S.S 0.9% X 500ML;3000;0;;0;0;0;1;;0;;;;;;1435
661;661;HSAM661;1;EQUIPO DE NEBULIZACI;3000;0;;0;0;0;1;;0;;;;;;1435
662;662;HSAM662;1;INMOVILIZADRO CLAVICULA TALLA  S;3000;38640;;19320;57960000;0;1;;38640;;;;;;1435
663;663;HSAM663;1;INMOVILIZADOR CLAVICULA TALLA M;3000;38640;;19320;57960000;0;1;;38640;;;;;;1435
664;664;HSAM664;1;ESPARADRAPO HOSPITALARIO;3000;105202;;52601;157803000;0;1;;105202;;;;;;1435
665;665;HSAM665;1;ESPECULOS KIT;3000;0;;0;0;0;1;;0;;;;;;1435
666;666;HSAM666;1;"GASA TIPO HOSPITAL 36"" X 100 YD";2999;0;;0;0;0;1;;0;;;;;;1435
667;667;HSAM667;1;GEL BACTERICIDA ALLMED X 1000 CC;3000;0;;0;0;0;1;;0;;;;;;1435
668;668;HSAM668;1;HILO CROMADO NUMERO: 0.0  C/U.;3000;0;;0;0;0;1;;0;;;;;;1435
669;669;HSAM669;1;HILO CROMADO NUMERO: 1.0 C/U.;3000;0;;0;0;0;1;;0;;;;;;1435
670;670;HSAM670;1;HILO CROMADO NUMERO: 1.0.0 C/U.;3000;0;;0;0;0;1;;0;;;;;;1435
671;671;HSAM671;1;HILO CROMADO NUMERO: 2.0  C/U.;3000;0;;0;0;0;1;;0;;;;;;1435
672;672;HSAM672;1;HILO CROMADO NUMERO: 3.0 C/U.;3000;0;;0;0;0;1;;0;;;;;;1435
673;673;HSAM673;1;HILO CROMADO NUMERO: 4.0  C/U.;3000;0;;0;0;0;1;;0;;;;;;1435
674;674;HSAM674;1;HILO DE SEDA NUMERO: 0.0 C/U;3000;0;;0;0;0;1;;0;;;;;;1435
675;675;HSAM675;1;HILO DE SEDA NUMERO: 1.0.0 C/U;3000;0;;0;0;0;1;;0;;;;;;1435
676;676;HSAM676;1;HILO DE SEDA NUMERO: 1.0 C/U;3000;0;;0;0;0;1;;0;;;;;;1435
677;677;HSAM677;1;HILO DE SEDA NUMERO: 2.0  C/U;3000;0;;0;0;0;1;;0;;;;;;1435
678;678;HSAM678;1;HILO DE SEDA NUMERO: 3.0 C/U;3000;0;;0;0;0;1;;0;;;;;;1435
679;679;HSAM679;1;HILO DE SEDA NUMERO: 4.0  C/U;3000;0;;0;0;0;1;;0;;;;;;1435
680;680;HSAM680;1;HILO DE SEDA NUMERO: 5.0 C/U;3000;0;;0;0;0;1;;0;;;;;;1435
681;681;HSAM681;1;JERINGA 2ML;3000;420;;210;630000;0;1;;420;;;;;;1435
682;682;HSAM682;1;HUMIFICADOR DE BURBUJA 6PSI;3000;0;;0;0;0;1;;0;;;;;;1435
683;683;HSAM683;1;"INTROCAN  CERTO G-18X1 1/4""";3000;0;;0;0;0;1;;0;;;;;;1435
684;684;HSAM684;1;"INTROCAN  CERTO G-22 X1""";3000;0;;0;0;0;1;;0;;;;;;1435
685;685;HSAM685;1;"INTROCAN  CERTO G-24X 3/4""";3000;0;;0;0;0;1;;0;;;;;;1435
686;686;HSAM686;1;ISODINE ESPUMA - GAL;3000;0;;0;0;0;1;;0;;;;;;1435
687;687;HSAM687;1;JERINGA 3 ML;3000;320;;160;480000;0;1;;320;;;;;;1435
688;688;HSAM688;1;JERINGA PRECISION 10 ML ROSCA;3000;740;;370;1110000;0;1;;740;;;;;;1435
689;689;HSAM689;1;JERINGA PRECISION 5ML ROSCA;3000;950;;475;1425000;0;1;;950;;;;;;1435
690;690;HSAM690;1;JERINGAS 10ML ;3000;740;;370;1110000;0;1;;740;;;;;;1435
691;691;HSAM691;1;JERINGAS 1CC ;3000;1050;;525;1575000;0;1;;1050;;;;;;1435
692;692;HSAM692;1;JERINGAS 20CC ;3000;740;;370;1110000;0;1;;740;;;;;;1435
693;693;HSAM693;1;JERINGAS 50ML;3000;2630;;1315;3945000;0;1;;2630;;;;;;1435
694;694;HSAM694;1;LACTATO DE RINGER 500ML HARTMANN ;3000;0;;0;0;0;1;;0;;;;;;1435
695;695;HSAM695;1;LANCETAS ;3000;0;;0;0;0;1;;0;;;;;;1435
696;696;HSAM696;1;LEUKOPLAST TIPO HOSPITAL x 5 ROLLOS ;3000;0;;0;0;0;1;;0;;;;;;1435
697;697;HSAM697;1;MASCARA OXIGENO ADULTO ALLMED;3000;0;;0;0;0;1;;0;;;;;;1435
698;698;HSAM698;1;MASCARA OXIGENO PEDIATRICA ALLMED;3000;0;;0;0;0;1;;0;;;;;;1435
699;699;HSAM699;1;MASCARILLA PARA NEBULIZAR ADULTO ;3000;0;;0;0;0;1;;0;;;;;;1435
700;700;HSAM700;1;MICRONEBUL C/MASC GHC ADULTO;3000;0;;0;0;0;1;;0;;;;;;1435
701;701;HSAM701;1;MICRONEBUL. C/MASC. PED. ALLMED;3000;0;;0;0;0;1;;0;;;;;;1435
702;702;HSAM702;1;PINZA UMBILICAL NUBENCO ;3000;0;;0;0;0;1;;0;;;;;;1435
703;703;HSAM703;1;RECOLECTOR ALLMED 1.5 LT.;3000;0;;0;0;0;1;;0;;;;;;1435
704;704;HSAM704;1;ROLLO DE GASA HOSPITALARIA;3000;0;;0;0;0;1;;0;;;;;;1435
705;705;HSAM705;1;ROXICAINA 2% C/EPINEFRINA X 50 ML;3000;0;;0;0;0;1;;0;;;;;;1435
706;706;HSAM706;1;CABETRILLO TALLA L;3000;26250;;13125;39375000;0;1;;26250;;;;;;1435
707;707;HSAM707;1;SONDA LEVIN No. 06;3000;0;;0;0;0;1;;0;;;;;;1435
708;708;HSAM708;1;TAPON IN ALLMED;3000;0;;0;0;0;1;;0;;;;;;1435
709;709;HSAM709;1;TERMOMETRO -;3000;0;;0;0;0;1;;0;;;;;;1435
710;710;HSAM710;1;VENDA ELASTICA 2x5;3000;1470;;735;2205000;0;1;;1470;;;;;;1435
711;711;HSAM711;1;INMOVILIZADOR RODILLA TALLA S;3000;92000;;46000;138000000;0;1;;92000;;;;;;1435
712;712;993102;1;VACUNACION CONTRA TUBERCULOSIS (BCG);3000;7440;;3720;11160000;0;1;;7440;;;;;;1435
713;713;993122;1;VACUNACION COMBINADA CONTRA DIFTERIA.TETANOS Y TOS FERINA (DPT);3000;7440;;3720;11160000;0;1;;7440;;;;;;1435
714;714;993501;1;VACUNACION CONTRA POLIOMIELITIS (VOP O IVP);3000;7440;;3720;11160000;0;1;;7440;;;;;;1435
715;715;993522;1;VACUNACION COMBINADA CONTRA SARAMPION. PAROTIDITIS Y RUBEOLA (SRP) (TRIPLE VIRAL) MMR;3000;7440;;3720;11160000;0;1;;7440;;;;;;1435
716;716;993503;1;VACUNACION CONTRA HEPATITIS B;2997;7440;;3720;11148840;0;1;;7440;;;;;;1435
717;717;993120;1;VACUNACION COMBINADA CONTRA TETANOS Y DIFTERIA (TD);2999;7440;;3720;11156280;0;1;;7440;;;;;;1435
718;718;993504;1;VACUNACION CONTRA FIEBRE AMARILLA;3000;7440;;3720;11160000;0;1;;7440;;;;;;1435
719;719;993104;1;VACUNACION CONTRA HAEMOPHILUS INFLUENZA TIPO B;3000;7440;;3720;11160000;0;1;;7440;;;;;;1435
720;720;HSAM712;1;VENDA ELASTICA 3X5;3000;2100;;1050;3150000;0;1;;2100;;;;;;1435
721;721;HSAM713;1;VENDA ELASTICA 4X5;3000;2730;;1365;4095000;0;1;;2730;;;;;;1435
722;722;HSAM714;1;VENDA ELASTICA 5X5;3000;1470;;735;2205000;0;1;;1470;;;;;;1435
723;723;HSAM715;1;VENDA ELASTICA 6X5;3000;4100;;2050;6150000;0;1;;4100;;;;;;1435
724;724;HSAM716;1;CANULA GUEDEL #1;3000;4200;;2100;6300000;0;1;;4200;;;;;;1435
725;725;HSAM717;1;CANULA GUEDEL #2;3000;4200;;2100;6300000;0;1;;4200;;;;;;1435
726;726;HSAM718;1;CANULA GUEDEL #3;3000;4200;;2100;6300000;0;1;;4200;;;;;;1435
727;727;HSAM719;1;CANULA GUEDEL #4;3000;4200;;2100;6300000;0;1;;4200;;;;;;1435
728;728;HSAM720;1;CANULA GUEDEL #5;300;4200;;2100;630000;0;1;;4200;;;;;;1435
729;729;HSAM721;1;CANULA NASAL NASOFARINGEA #12;3000;19950;;9975;29925000;0;1;;19950;;;;;;1435
730;730;HSAM722;1;CANULA NASAL NASOFARINGEA #20;3000;19950;;9975;29925000;0;1;;19950;;;;;;1435
731;731;HSAM723;1;CANULA NASAL NASOFARINGEA #22;300;19950;;9975;2992500;0;1;;19950;;;;;;1435
732;732;HSAM724;1;CANULA NASAL NASOFARINGEA #24;3000;19950;;9975;29925000;0;1;;19950;;;;;;1435
733;733;HSAM725;1;INMOVILIZADOR CUELLO TALLA L;2999;88310;;44155;132420845;0;1;;88310;;;;;;1435
734;734;HSAM726;1;INMOVILIZADOR CUELLO TALLA M;3000;88310;;44155;132465000;0;1;;88310;;;;;;1435
735;735;HSAM727;1;INMOVILIZADOR CUELLO TALLA S;3000;88310;;44155;132465000;0;1;;88310;;;;;;1435
736;736;HSAM728;1;INMOVILIZADOR CUELLO TALLA SS;3000;76130;;38065;114195000;0;1;;76130;;;;;;1435
737;737;HSAM729;1;INMOVILIZADOR HOMBRO TALLA M;3000;27410;;13705;41115000;0;1;;27410;;;;;;1435
738;738;HSAM730;1;INMOVILIZADOR HOMBRO TALLA S;3000;32240;;16120;48360000;0;1;;32240;;;;;;1435
739;739;HSAM731;1;INMOVILIZADOR HOMBRO TALLA SS;3000;29400;;14700;44100000;0;1;;29400;;;;;;1435
740;740;HSAM732;1;INMOVILIZADOR HOMBRO TALLA XL;3000;31820;;15910;47730000;0;1;;31820;;;;;;1435
741;741;HSAM733;1;INMOVILIZADOR RODILLA TALLA L;3000;91560;;45780;137340000;0;1;;91560;;;;;;1435
742;742;HSAM734;1;INMOVILIZADOR RODILLA TALLA M;3000;91560;;45780;137340000;0;1;;91560;;;;;;1435
743;743;HSAM735;1;VENDA TELA 4X5;3000;3050;;1525;4575000;0;1;;3050;;;;;;1435
744;744;HSAM736;1;VENDA TELA 5X5;3000;3680;;1840;5520000;0;1;;3680;;;;;;1435
745;745;HSAM737;1;VENDA TELA 6X5;3000;4520;;2260;6780000;0;1;;4520;;;;;;1435
746;746;HSAM738;1;VENDA YESO 3X5;3000;11450;;5725;17175000;0;1;;11450;;;;;;1435
747;747;HSAM739;1;VENDA YESO 4X5;3000;15750;;7875;23625000;0;1;;15750;;;;;;1435
748;748;HSAM740;1;VENDA YESO 5X5;3000;16700;;8350;25050000;0;1;;16700;;;;;;1435
749;749;HSAM741;1;VENDA YESO 6X5;3000;21840;;10920;32760000;0;1;;21840;;;;;;1435
750;750;993130;1;VACUNACION PENTAVALENTE PH;3000;7440;;3720;11160000;0;1;;7440;;;;;;1435
751;751;933502;1;VACUNACION CONTRA ANTI HEPATITIS A;3000;7440;;3720;11160000;0;1;;7440;;;;;;1435
752;752;993106;1;VACUNACION CONTRA NEUMOCOCO;3000;7440;;3720;11160000;0;1;;7440;;;;;;1435
753;753;993101;1;VACUNACION CONTRA TUBERCULOSIS (BCG1);3000;7440;;3720;11160000;0;1;;7440;;;;;;1435
754;754;993512;1;VACUNACION DE ROTAVIRUS;3000;7440;;3720;11160000;0;1;;7440;;;;;;1435
755;755;HSAM742;1;LEVONOGESTREL + ETILESTRADIOL X 21 GRAGEAS;2987;2835;;1417.5;4234072.5;0;1;;2835;;;;;;1435
756;756;HSAM743;1;AMBROXOL ADULTO JARABE X120 ML;2992;6000;;3000;8976000;0;1;;6000;;;;;;1435
757;757;HSAM744;1;ACETAMINOFEN GOTAS  100MG /ML X 30 ML;2999;2000;;1000;2999000;0;1;;2000;;;;;;1435
758;758;HSAM745;1;CARBONATO;3000;72;;36;108000;0;1;;72;;;;;;1435
759;759;HSAM746;1;CARBONATO DE CALCIO 1500MG;2850;100;;50;142500;0;1;;100;;;;;;1435
760;760;HSAM747;1;ACETAMINOFEN 150MG/5ML X 90ML JARABE;2997;3000;;1500;4495500;0;1;;3000;;;;;;1435
761;761;HSAM748;1;NORETISTERONA + ESTRADIOL;2996;9000;;4500;13482000;0;1;;9000;;;;;;1435
762;762;HSAM749;1;AMBROXOL PEDIATRICO X 102ML;2993;6000;;3000;8979000;0;1;;6000;;;;;;1435
763;763;HSAM750;1;NIFEDIPINO 10MG;2972;200;;100;297200;0;1;;200;;;;;;1435
764;764;HSAM751;1;AMPICILINA 500MG;3000;400;;200;600000;0;1;;400;;;;;;1435
765;765;HSAM752;1;GENTAMICINA 0.1% X 40G;3000;1;;0.5;1500;0;1;;1;;;;;;1435
766;766;HSAM753;1;NAPROXENO  250MG;2422;200;;100;242200;0;1;;200;;;;;;1435
767;767;HSAM754;1;TIAMINA  300MG;2880;200;;100;288000;0;1;;200;;;;;;1435
768;768;HSAM755;1;SULFATO RERROSO 120ML;2927;2784;;1392;4074384;0;1;;2784;;;;;;1435
769;769;HSAM756;1;AMLODIPINO  10 MG;3000;100;;50;150000;0;1;;100;;;;;;1435
770;770;HSAM757;1;GLICERINA CARBONATADA 30ML;3000;7000;;3500;10500000;0;1;;7000;;;;;;1435
771;771;HSAM758;1;CLINDAMICINA  300MG;3000;700;;350;1050000;0;1;;700;;;;;;1435
772;772;HSAM759;1;IVERMECTINA 5ML;3000;6000;;3000;9000000;0;1;;6000;;;;;;1435
773;773;HSAM760;1;LAGRIMAS ARTIFICIALES SOLUCION OFTALMICA;3000;7000;;3500;10500000;0;1;;7000;;;;;;1435
774;774;HSAM761;1;COLISTINA + NEOMICINA + HIDROCORTISONA;3000;10833;;5416.5;16249500;0;1;;10833;;;;;;1435
775;775;HSA766;1;ACIDO FOLICO 1GR TABLETA;0;230;;115;0;0;1;;230;;;;;;1435
